"TRIP_ID","season","year","reach_start","RIVER_CODE","baited_hoop_net","boat_electrofishing","unbaited_hoop_net","antenna_temporary"
"BAC20180917","fall",2018,NA,"BAC",30,0,0,0
"GC20040311","spring",2004,96,"COR",0,14,0,0
"GC20040311","spring",2004,104,"COR",0,10,0,0
"GC20040311","spring",2004,112,"COR",0,90,0,0
"GC20040311","spring",2004,120,"COR",0,171,0,0
"GC20040311","spring",2004,128,"COR",0,69,165,0
"GC20040311","spring",2004,136,"COR",0,0,90,0
"GC20040402","spring",2004,48,"COR",0,8,0,0
"GC20040402","spring",2004,56,"COR",0,16,0,0
"GC20040402","spring",2004,112,"COR",0,59,0,0
"GC20040402","spring",2004,120,"COR",0,13,0,0
"GC20040402","spring",2004,136,"COR",0,24,0,0
"GC20040402","spring",2004,152,"COR",0,48,0,0
"GC20040402","spring",2004,184,"COR",0,24,0,0
"GC20040402","spring",2004,192,"COR",0,11,0,0
"GC20040402","spring",2004,200,"COR",0,13,0,0
"GC20040402","spring",2004,208,"COR",0,11,0,0
"GC20040402","spring",2004,216,"COR",0,12,0,0
"GC20040402","spring",2004,224,"COR",0,16,0,0
"GC20040402","spring",2004,232,"COR",0,9,0,0
"GC20040402","spring",2004,256,"COR",0,16,0,0
"GC20040402","spring",2004,264,"COR",0,8,0,0
"GC20040402","spring",2004,272,"COR",0,4,0,0
"GC20040402","spring",2004,280,"COR",0,20,0,0
"GC20040402","spring",2004,296,"COR",0,11,0,0
"GC20040402","spring",2004,304,"COR",0,10,0,0
"GC20040402","spring",2004,312,"COR",0,3,0,0
"GC20040402","spring",2004,328,"COR",0,15,0,0
"GC20040402","spring",2004,336,"COR",0,15,0,0
"GC20040402","spring",2004,368,"COR",0,1,0,0
"GC20040402","spring",2004,376,"COR",0,29,0,0
"GC20040402","spring",2004,384,"COR",0,20,0,0
"GC20040501","spring",2004,24,"COR",0,24,0,0
"GC20040501","spring",2004,72,"COR",0,24,0,0
"GC20040501","spring",2004,120,"COR",0,33,0,0
"GC20040501","spring",2004,128,"COR",0,39,0,0
"GC20040501","spring",2004,136,"COR",0,9,0,0
"GC20040501","spring",2004,144,"COR",0,15,0,0
"GC20040501","spring",2004,160,"COR",0,48,0,0
"GC20040501","spring",2004,176,"COR",0,24,0,0
"GC20040501","spring",2004,200,"COR",0,2,0,0
"GC20040501","spring",2004,208,"COR",0,22,0,0
"GC20040501","spring",2004,224,"COR",0,24,0,0
"GC20040501","spring",2004,240,"COR",0,24,0,0
"GC20040501","spring",2004,264,"COR",0,19,0,0
"GC20040501","spring",2004,272,"COR",0,5,0,0
"GC20040501","spring",2004,296,"COR",0,12,0,0
"GC20040501","spring",2004,304,"COR",0,11,0,0
"GC20040501","spring",2004,312,"COR",0,1,0,0
"GC20040501","spring",2004,320,"COR",0,30,0,0
"GC20040501","spring",2004,344,"COR",0,12,0,0
"GC20040501","spring",2004,352,"COR",0,18,0,0
"GC20040501","spring",2004,376,"COR",0,15,0,0
"GC20040501","spring",2004,384,"COR",0,5,0,0
"GC20040515","spring",2004,64,"COR",36,0,0,0
"GC20040515","spring",2004,80,"COR",24,0,0,0
"GC20040515","spring",2004,88,"COR",48,0,0,0
"GC20040515","spring",2004,112,"COR",21,0,0,0
"GC20040515","spring",2004,120,"COR",87,0,0,0
"GC20040515","spring",2004,160,"COR",36,0,0,0
"GC20040515","spring",2004,168,"COR",36,0,0,0
"GC20040515","spring",2004,208,"COR",36,0,0,0
"GC20040515","spring",2004,216,"COR",36,0,0,0
"GC20040515","spring",2004,240,"COR",36,0,0,0
"GC20040515","spring",2004,272,"COR",36,0,0,0
"GC20040515","spring",2004,288,"COR",36,0,0,0
"GC20040515","spring",2004,312,"COR",9,0,0,0
"GC20040515","spring",2004,320,"COR",27,0,0,0
"GC20040515","spring",2004,352,"COR",36,0,0,0
"GC20040515","spring",2004,360,"COR",27,0,0,0
"GC20040515","spring",2004,368,"COR",9,0,0,0
"GC20040515","spring",2004,376,"COR",36,0,0,0
"GC20040612","spring",2004,72,"COR",72,0,0,0
"GC20040612","spring",2004,120,"COR",36,0,0,0
"GC20040612","spring",2004,168,"COR",36,0,0,0
"GC20040612","spring",2004,192,"COR",70,0,0,0
"GC20040612","spring",2004,200,"COR",2,0,0,0
"GC20040612","spring",2004,208,"COR",36,0,0,0
"GC20040612","spring",2004,216,"COR",36,0,0,0
"GC20040812","fall",2004,96,"COR",0,13,0,0
"GC20040812","fall",2004,104,"COR",0,11,0,0
"GC20040812","fall",2004,112,"COR",0,72,0,0
"GC20040812","fall",2004,120,"COR",0,136,3,0
"GC20040812","fall",2004,128,"COR",0,140,174,0
"GC20040812","fall",2004,136,"COR",0,0,90,0
"GC20040909","fall",2004,96,"COR",0,18,0,0
"GC20040909","fall",2004,104,"COR",0,6,0,0
"GC20040909","fall",2004,112,"COR",0,72,0,0
"GC20040909","fall",2004,120,"COR",0,132,3,0
"GC20040909","fall",2004,128,"COR",0,140,173,0
"GC20040909","fall",2004,136,"COR",0,0,90,0
"GC20041005","fall",2004,392,"COR",0,19,0,0
"GC20041005","fall",2004,400,"COR",0,2,0,0
"GC20041005","fall",2004,408,"COR",0,38,0,0
"GC20041005","fall",2004,416,"COR",0,2,0,0
"GC20041005","fall",2004,424,"COR",0,43,0,0
"GC20041005","fall",2004,432,"COR",0,24,0,0
"GC20041005","fall",2004,440,"COR",0,19,0,0
"GC20041005","fall",2004,448,"COR",0,50,0,0
"GC20041005","fall",2004,464,"COR",0,32,0,0
"GC20041028","fall",2004,120,"COR",0,0,3,0
"GC20041028","fall",2004,128,"COR",0,0,87,0
"GC20050310","spring",2005,96,"COR",0,10,0,0
"GC20050310","spring",2005,104,"COR",0,14,0,0
"GC20050310","spring",2005,112,"COR",0,72,0,0
"GC20050310","spring",2005,120,"COR",0,136,0,0
"GC20050310","spring",2005,128,"COR",0,140,168,0
"GC20050310","spring",2005,136,"COR",0,0,88,0
"GC20050416","spring",2005,56,"COR",0,24,0,0
"GC20050416","spring",2005,96,"COR",0,21,0,0
"GC20050416","spring",2005,104,"COR",0,3,0,0
"GC20050416","spring",2005,112,"COR",0,35,0,0
"GC20050416","spring",2005,120,"COR",0,14,0,0
"GC20050416","spring",2005,136,"COR",0,24,0,0
"GC20050416","spring",2005,152,"COR",0,47,0,0
"GC20050416","spring",2005,168,"COR",0,24,0,0
"GC20050416","spring",2005,184,"COR",0,1,0,0
"GC20050416","spring",2005,192,"COR",0,24,0,0
"GC20050416","spring",2005,200,"COR",0,23,0,0
"GC20050416","spring",2005,216,"COR",0,24,0,0
"GC20050416","spring",2005,256,"COR",0,24,0,0
"GC20050416","spring",2005,280,"COR",0,24,0,0
"GC20050416","spring",2005,304,"COR",0,24,0,0
"GC20050416","spring",2005,320,"COR",0,31,0,0
"GC20050416","spring",2005,336,"COR",0,30,0,0
"GC20050416","spring",2005,360,"COR",0,29,0,0
"GC20050416","spring",2005,384,"COR",0,40,0,0
"GC20050514","spring",2005,32,"COR",0,24,0,0
"GC20050514","spring",2005,80,"COR",0,22,0,0
"GC20050514","spring",2005,88,"COR",0,3,0,0
"GC20050514","spring",2005,120,"COR",0,27,0,0
"GC20050514","spring",2005,128,"COR",0,48,0,0
"GC20050514","spring",2005,136,"COR",0,7,0,0
"GC20050514","spring",2005,144,"COR",0,20,0,0
"GC20050514","spring",2005,160,"COR",0,49,0,0
"GC20050514","spring",2005,176,"COR",0,24,0,0
"GC20050514","spring",2005,200,"COR",0,4,0,0
"GC20050514","spring",2005,208,"COR",0,20,0,0
"GC20050514","spring",2005,216,"COR",0,10,0,0
"GC20050514","spring",2005,224,"COR",0,14,0,0
"GC20050514","spring",2005,240,"COR",0,8,0,0
"GC20050514","spring",2005,248,"COR",0,11,0,0
"GC20050514","spring",2005,264,"COR",0,15,0,0
"GC20050514","spring",2005,272,"COR",0,9,0,0
"GC20050514","spring",2005,288,"COR",0,7,0,0
"GC20050514","spring",2005,296,"COR",0,16,0,0
"GC20050514","spring",2005,312,"COR",0,23,0,0
"GC20050514","spring",2005,320,"COR",0,7,0,0
"GC20050514","spring",2005,352,"COR",0,26,0,0
"GC20050514","spring",2005,360,"COR",0,4,0,0
"GC20050514","spring",2005,376,"COR",0,17,0,0
"GC20050514","spring",2005,384,"COR",0,3,0,0
"GC20050514","spring",2005,NA,"COR",0,1,0,0
"GC20050531","spring",2005,400,"COR",15,0,0,0
"GC20050531","spring",2005,408,"COR",21,29,0,0
"GC20050531","spring",2005,416,"COR",72,49,0,0
"GC20050531","spring",2005,440,"COR",75,35,0,0
"GC20050531","spring",2005,64,"COR",0,1,0,0
"GC20050531","spring",2005,96,"COR",0,1,0,0
"GC20050531","spring",2005,392,"COR",0,22,0,0
"GC20050531","spring",2005,424,"COR",0,12,0,0
"GC20050531","spring",2005,432,"COR",0,16,0,0
"GC20050531","spring",2005,448,"COR",0,4,0,0
"GC20050611","spring",2005,112,"COR",51,0,0,0
"GC20050611","spring",2005,120,"COR",153,0,0,0
"GC20050611","spring",2005,128,"COR",84,0,0,0
"GC20050804","fall",2005,96,"COR",0,15,0,0
"GC20050804","fall",2005,104,"COR",0,9,0,0
"GC20050804","fall",2005,112,"COR",0,72,0,0
"GC20050804","fall",2005,120,"COR",0,136,0,0
"GC20050804","fall",2005,128,"COR",0,140,172,0
"GC20050804","fall",2005,136,"COR",0,0,90,0
"GC20050901","fall",2005,96,"COR",0,13,0,0
"GC20050901","fall",2005,104,"COR",0,11,0,0
"GC20050901","fall",2005,112,"COR",0,72,0,0
"GC20050901","fall",2005,120,"COR",0,136,0,0
"GC20050901","fall",2005,128,"COR",0,140,174,0
"GC20050901","fall",2005,NA,"COR",0,1,0,0
"GC20050901","fall",2005,136,"COR",0,0,90,0
"GC20051028","fall",2005,120,"COR",0,0,6,0
"GC20051028","fall",2005,128,"COR",0,0,84,0
"GC20060309","spring",2006,96,"COR",0,14,0,0
"GC20060309","spring",2006,104,"COR",0,9,0,0
"GC20060309","spring",2006,112,"COR",0,72,0,0
"GC20060309","spring",2006,120,"COR",0,136,0,0
"GC20060309","spring",2006,128,"COR",0,140,168,0
"GC20060309","spring",2006,136,"COR",0,0,86,0
"GC20060408","spring",2006,24,"COR",0,12,0,0
"GC20060408","spring",2006,32,"COR",0,12,0,0
"GC20060408","spring",2006,72,"COR",0,24,0,0
"GC20060408","spring",2006,120,"COR",0,30,0,0
"GC20060408","spring",2006,128,"COR",0,34,0,0
"GC20060408","spring",2006,136,"COR",0,4,0,0
"GC20060408","spring",2006,144,"COR",0,21,0,0
"GC20060408","spring",2006,160,"COR",0,26,0,0
"GC20060408","spring",2006,184,"COR",0,24,0,0
"GC20060408","spring",2006,200,"COR",0,4,0,0
"GC20060408","spring",2006,208,"COR",0,17,0,0
"GC20060408","spring",2006,216,"COR",0,27,0,0
"GC20060408","spring",2006,232,"COR",0,24,0,0
"GC20060408","spring",2006,248,"COR",0,24,0,0
"GC20060408","spring",2006,288,"COR",0,6,0,0
"GC20060408","spring",2006,296,"COR",0,18,0,0
"GC20060408","spring",2006,312,"COR",0,2,0,0
"GC20060408","spring",2006,320,"COR",0,28,0,0
"GC20060408","spring",2006,336,"COR",0,15,0,0
"GC20060408","spring",2006,344,"COR",0,15,0,0
"GC20060408","spring",2006,352,"COR",0,30,0,0
"GC20060408","spring",2006,376,"COR",0,20,0,0
"GC20060506","spring",2006,40,"COR",0,24,0,0
"GC20060506","spring",2006,96,"COR",0,24,0,0
"GC20060506","spring",2006,112,"COR",0,34,0,0
"GC20060506","spring",2006,120,"COR",0,8,0,0
"GC20060506","spring",2006,136,"COR",0,24,0,0
"GC20060506","spring",2006,152,"COR",0,49,0,0
"GC20060506","spring",2006,160,"COR",0,23,0,0
"GC20060506","spring",2006,168,"COR",0,24,0,0
"GC20060506","spring",2006,192,"COR",0,24,0,0
"GC20060506","spring",2006,208,"COR",0,24,0,0
"GC20060506","spring",2006,224,"COR",0,24,0,0
"GC20060506","spring",2006,240,"COR",0,24,0,0
"GC20060506","spring",2006,280,"COR",0,24,0,0
"GC20060506","spring",2006,304,"COR",0,24,0,0
"GC20060506","spring",2006,368,"COR",0,20,0,0
"GC20060506","spring",2006,384,"COR",0,20,0,0
"GC20060507","spring",2006,24,"COR",21,0,0,0
"GC20060507","spring",2006,32,"COR",15,0,0,0
"GC20060507","spring",2006,48,"COR",33,0,0,0
"GC20060507","spring",2006,56,"COR",3,0,0,0
"GC20060507","spring",2006,80,"COR",24,0,0,0
"GC20060507","spring",2006,88,"COR",12,0,0,0
"GC20060507","spring",2006,96,"COR",36,0,0,0
"GC20060507","spring",2006,112,"COR",36,0,0,0
"GC20060507","spring",2006,176,"COR",36,0,0,0
"GC20060507","spring",2006,208,"COR",36,0,0,0
"GC20060507","spring",2006,232,"COR",24,0,0,0
"GC20060507","spring",2006,240,"COR",45,0,0,0
"GC20060507","spring",2006,248,"COR",3,0,0,0
"GC20060507","spring",2006,288,"COR",36,0,0,0
"GC20060507","spring",2006,296,"COR",36,0,0,0
"GC20060507","spring",2006,320,"COR",36,0,0,0
"GC20060507","spring",2006,336,"COR",30,0,0,0
"GC20060507","spring",2006,344,"COR",18,0,0,0
"GC20060507","spring",2006,352,"COR",24,0,0,0
"GC20060507","spring",2006,376,"COR",18,0,0,0
"GC20060507","spring",2006,384,"COR",18,0,0,0
"GC20060523","spring",2006,392,"COR",36,12,0,0
"GC20060523","spring",2006,408,"COR",36,31,0,0
"GC20060523","spring",2006,416,"COR",33,16,0,0
"GC20060523","spring",2006,424,"COR",3,15,0,0
"GC20060523","spring",2006,440,"COR",72,37,0,0
"GC20060523","spring",2006,456,"COR",36,0,0,0
"GC20060523","spring",2006,384,"COR",0,18,0,0
"GC20060523","spring",2006,400,"COR",0,3,0,0
"GC20060523","spring",2006,432,"COR",0,16,0,0
"GC20060523","spring",2006,464,"COR",0,29,0,0
"GC20060603","spring",2006,72,"COR",36,0,0,0
"GC20060603","spring",2006,112,"COR",15,0,0,0
"GC20060603","spring",2006,120,"COR",72,0,0,0
"GC20060603","spring",2006,128,"COR",21,0,0,0
"GC20060603","spring",2006,136,"COR",36,0,0,0
"GC20060603","spring",2006,160,"COR",36,0,0,0
"GC20060603","spring",2006,200,"COR",36,0,0,0
"GC20060603","spring",2006,208,"COR",24,0,0,0
"GC20060603","spring",2006,216,"COR",48,0,0,0
"GC20060603","spring",2006,224,"COR",72,0,0,0
"GC20060603","spring",2006,272,"COR",69,0,0,0
"GC20060603","spring",2006,280,"COR",3,0,0,0
"GC20060603","spring",2006,368,"COR",36,0,0,0
"GC20060810","fall",2006,96,"COR",0,15,0,0
"GC20060810","fall",2006,104,"COR",0,9,0,0
"GC20060810","fall",2006,112,"COR",0,72,0,0
"GC20060810","fall",2006,120,"COR",0,136,6,0
"GC20060810","fall",2006,128,"COR",0,140,169,0
"GC20060810","fall",2006,136,"COR",0,0,87,0
"GC20060907","fall",2006,128,"COR",0,0,168,0
"GC20060907","fall",2006,136,"COR",0,0,87,0
"GC20061027","fall",2006,120,"COR",0,0,6,0
"GC20061027","fall",2006,128,"COR",0,0,84,0
"GC20070308","spring",2007,32,"COR",0,10,0,0
"GC20070308","spring",2007,40,"COR",0,26,0,0
"GC20070308","spring",2007,88,"COR",0,36,0,0
"GC20070308","spring",2007,112,"COR",0,28,0,0
"GC20070308","spring",2007,120,"COR",0,30,0,0
"GC20070308","spring",2007,128,"COR",0,33,0,0
"GC20070308","spring",2007,136,"COR",0,35,0,0
"GC20070308","spring",2007,152,"COR",0,59,0,0
"GC20070308","spring",2007,160,"COR",0,38,0,0
"GC20070308","spring",2007,168,"COR",0,32,0,0
"GC20070308","spring",2007,208,"COR",0,36,0,0
"GC20070308","spring",2007,216,"COR",0,36,0,0
"GC20070308","spring",2007,264,"COR",0,26,0,0
"GC20070308","spring",2007,272,"COR",0,11,0,0
"GC20070308","spring",2007,280,"COR",0,36,0,0
"GC20070308","spring",2007,296,"COR",0,24,0,0
"GC20070308","spring",2007,304,"COR",0,12,0,0
"GC20070308","spring",2007,320,"COR",0,34,0,0
"GC20070308","spring",2007,336,"COR",0,34,0,0
"GC20070308","spring",2007,344,"COR",0,23,0,0
"GC20070308","spring",2007,360,"COR",0,8,0,0
"GC20070308","spring",2007,368,"COR",0,17,0,0
"GC20070308","spring",2007,376,"COR",0,24,0,0
"GC20070308","spring",2007,384,"COR",0,6,0,0
"GC20070404","spring",2007,64,"COR",0,0,3,0
"GC20070404","spring",2007,72,"COR",0,0,12,0
"GC20070404","spring",2007,112,"COR",0,0,141,0
"GC20070404","spring",2007,120,"COR",0,0,338,0
"GC20070404","spring",2007,128,"COR",0,0,187,0
"GC20070404","spring",2007,136,"COR",0,0,24,0
"GC20070502","spring",2007,72,"COR",0,0,12,0
"GC20070502","spring",2007,112,"COR",0,0,119,0
"GC20070502","spring",2007,120,"COR",0,0,344,0
"GC20070502","spring",2007,128,"COR",0,0,189,0
"GC20070502","spring",2007,136,"COR",0,0,11,0
"GC20070502","spring",2007,NA,"COR",0,0,1,0
"GC20070608","spring",2007,408,"COR",0,1,0,0
"GC20070608","spring",2007,NA,"COR",0,3,0,0
"GC20070915","fall",2007,32,"COR",0,6,0,0
"GC20070915","fall",2007,40,"COR",0,28,0,0
"GC20070915","fall",2007,88,"COR",0,34,0,0
"GC20070915","fall",2007,112,"COR",0,27,0,0
"GC20070915","fall",2007,120,"COR",0,41,0,0
"GC20070915","fall",2007,128,"COR",0,4,0,0
"GC20070915","fall",2007,144,"COR",0,31,0,0
"GC20070915","fall",2007,152,"COR",0,23,0,0
"GC20070915","fall",2007,160,"COR",0,45,0,0
"GC20070915","fall",2007,208,"COR",0,31,0,0
"GC20070915","fall",2007,216,"COR",0,30,0,0
"GC20070915","fall",2007,264,"COR",0,29,0,0
"GC20070915","fall",2007,272,"COR",0,1,0,0
"GC20070915","fall",2007,280,"COR",0,30,0,0
"GC20070915","fall",2007,296,"COR",0,29,0,0
"GC20070915","fall",2007,304,"COR",0,5,0,0
"GC20070915","fall",2007,320,"COR",0,36,0,0
"GC20070915","fall",2007,368,"COR",0,35,0,0
"GC20070915","fall",2007,376,"COR",0,13,0,0
"GC20070915","fall",2007,384,"COR",0,15,0,0
"GC20070915","fall",2007,400,"COR",0,3,0,0
"GC20070915","fall",2007,408,"COR",0,32,0,0
"GC20070915","fall",2007,416,"COR",0,15,0,0
"GC20070915","fall",2007,424,"COR",0,20,0,0
"GC20070915","fall",2007,440,"COR",0,15,0,0
"GC20070915","fall",2007,448,"COR",0,20,0,0
"GC20080327","spring",2008,48,"COR",0,24,0,0
"GC20080327","spring",2008,56,"COR",0,12,0,0
"GC20080327","spring",2008,72,"COR",0,15,0,0
"GC20080327","spring",2008,80,"COR",0,20,0,0
"GC20080327","spring",2008,112,"COR",0,29,0,0
"GC20080327","spring",2008,120,"COR",0,30,0,0
"GC20080327","spring",2008,128,"COR",0,31,0,0
"GC20080327","spring",2008,136,"COR",0,36,0,0
"GC20080327","spring",2008,152,"COR",0,52,0,0
"GC20080327","spring",2008,160,"COR",0,44,0,0
"GC20080327","spring",2008,168,"COR",0,32,0,0
"GC20080327","spring",2008,208,"COR",0,36,0,0
"GC20080327","spring",2008,216,"COR",0,36,0,0
"GC20080327","spring",2008,240,"COR",0,36,0,0
"GC20080327","spring",2008,256,"COR",0,36,0,0
"GC20080327","spring",2008,304,"COR",0,36,0,0
"GC20080327","spring",2008,312,"COR",0,27,0,0
"GC20080327","spring",2008,320,"COR",0,7,0,0
"GC20080327","spring",2008,328,"COR",0,33,0,0
"GC20080327","spring",2008,336,"COR",0,2,0,0
"GC20080327","spring",2008,352,"COR",0,24,0,0
"GC20080327","spring",2008,368,"COR",0,24,0,0
"GC20080327","spring",2008,376,"COR",0,22,0,0
"GC20080327","spring",2008,384,"COR",0,8,0,0
"GC20080724","fall",2008,408,"COR",0,0,59,0
"GC20080724","fall",2008,416,"COR",0,0,30,0
"GC20080816","fall",2008,120,"COR",0,48,0,0
"GC20080816","fall",2008,124.24,"LCR",0,0.4,0,0
"GC20080816","fall",2008,128,"COR",0,112,135,0
"GC20080816","fall",2008,136,"COR",0,12,0,0
"GC20080911","fall",2008,120,"COR",0,40.6,0,0
"GC20080911","fall",2008,128,"COR",0,80.4,105,0
"GC20080911","fall",2008,136,"COR",0,0.8,0,0
"GC20080911","fall",2008,124.24,"LCR",0,0,26,0
"GC20081024","fall",2008,120,"COR",0,0,3,0
"GC20081024","fall",2008,128,"COR",0,0,87,0
"GC20090228","spring",2009,48,"COR",0,5,0,0
"GC20090228","spring",2009,80,"COR",0,24,0,0
"GC20090228","spring",2009,96,"COR",0,1,0,0
"GC20090228","spring",2009,104,"COR",0,1,0,0
"GC20090228","spring",2009,112,"COR",0,46,0,0
"GC20090228","spring",2009,120,"COR",0,2,0,0
"GC20090228","spring",2009,128,"COR",0,24,0,0
"GC20090228","spring",2009,144,"COR",0,23,0,0
"GC20090228","spring",2009,152,"COR",0,24,0,0
"GC20090228","spring",2009,168,"COR",0,24,0,0
"GC20090228","spring",2009,192,"COR",0,24,0,0
"GC20090228","spring",2009,208,"COR",0,24,0,0
"GC20090228","spring",2009,216,"COR",0,25,0,0
"GC20090228","spring",2009,224,"COR",0,23,0,0
"GC20090228","spring",2009,248,"COR",0,25,0,0
"GC20090228","spring",2009,288,"COR",0,4,0,0
"GC20090228","spring",2009,296,"COR",0,17,0,0
"GC20090228","spring",2009,304,"COR",0,23,0,0
"GC20090228","spring",2009,336,"COR",0,31,0,0
"GC20090228","spring",2009,360,"COR",0,4,0,0
"GC20090228","spring",2009,368,"COR",0,26,0,0
"GC20090228","spring",2009,376,"COR",0,20,0,0
"GC20090326","spring",2009,56,"COR",0,24,0,0
"GC20090326","spring",2009,96,"COR",0,24,0,0
"GC20090326","spring",2009,112,"COR",0,1,0,0
"GC20090326","spring",2009,120,"COR",0,47,0,0
"GC20090326","spring",2009,136,"COR",0,24,0,0
"GC20090326","spring",2009,160,"COR",0,44,0,0
"GC20090326","spring",2009,168,"COR",0,2,0,0
"GC20090326","spring",2009,184,"COR",0,21,0,0
"GC20090326","spring",2009,192,"COR",0,3,0,0
"GC20090326","spring",2009,200,"COR",0,24,0,0
"GC20090326","spring",2009,232,"COR",0,19,0,0
"GC20090326","spring",2009,240,"COR",0,29,0,0
"GC20090326","spring",2009,272,"COR",0,25,0,0
"GC20090326","spring",2009,312,"COR",0,28,0,0
"GC20090326","spring",2009,320,"COR",0,32,0,0
"GC20090326","spring",2009,352,"COR",0,28,0,0
"GC20090326","spring",2009,360,"COR",0,2,0,0
"GC20090326","spring",2009,376,"COR",0,14,0,0
"GC20090326","spring",2009,384,"COR",0,6,0,0
"GC20090326","spring",2009,392,"COR",0,24,0,0
"GC20090326","spring",2009,408,"COR",0,25,0,0
"GC20090326","spring",2009,416,"COR",0,25,0,0
"GC20090326","spring",2009,424,"COR",0,11,0,0
"GC20090326","spring",2009,432,"COR",0,13,0,0
"GC20090326","spring",2009,440,"COR",0,15,0,0
"GC20090326","spring",2009,448,"COR",0,18,0,0
"GC20090430","spring",2009,NA,"COR",0,899,81,0
"GC20090430","spring",2209,NA,"COR",0,1,0,0
"GC20090812","fall",2009,120,"COR",0,12.2,274,0
"GC20090812","fall",2009,128,"COR",0,86,494,0
"GC20090812","fall",2009,124.24,"LCR",0,0,1,0
"GC20090905","fall",2009,120,"COR",0,12,216,0
"GC20090905","fall",2009,128,"COR",0,85.2,503,0
"GC20091012","fall",2009,120,"COR",0,12.6,239,0
"GC20091012","fall",2009,128,"COR",0,97.2,544,0
"GC20100401","spring",2010,64,"COR",0,24,0,0
"GC20100401","spring",2010,96,"COR",0,6,0,0
"GC20100401","spring",2010,104,"COR",0,18,0,0
"GC20100401","spring",2010,112,"COR",0,38,0,0
"GC20100401","spring",2010,120,"COR",0,10,0,0
"GC20100401","spring",2010,136,"COR",0,24,0,0
"GC20100401","spring",2010,160,"COR",0,24,0,0
"GC20100401","spring",2010,168,"COR",0,24,0,0
"GC20100401","spring",2010,192,"COR",0,24,0,0
"GC20100401","spring",2010,200,"COR",0,24,0,0
"GC20100401","spring",2010,224,"COR",0,22,0,0
"GC20100401","spring",2010,232,"COR",0,2,0,0
"GC20100401","spring",2010,248,"COR",0,24,0,0
"GC20100401","spring",2010,272,"COR",0,6,0,0
"GC20100401","spring",2010,280,"COR",0,18,0,0
"GC20100401","spring",2010,304,"COR",0,14,0,0
"GC20100401","spring",2010,312,"COR",0,10,0,0
"GC20100401","spring",2010,320,"COR",0,8,0,0
"GC20100401","spring",2010,328,"COR",0,22,0,0
"GC20100401","spring",2010,376,"COR",0,30,0,0
"GC20100401","spring",2010,384,"COR",0,20,0,0
"GC20100401","spring",2010,392,"COR",0,24,0,0
"GC20100401","spring",2010,408,"COR",0,32,0,0
"GC20100401","spring",2010,416,"COR",0,1,0,0
"GC20100401","spring",2010,424,"COR",0,31,0,0
"GC20100401","spring",2010,440,"COR",0,32,0,0
"GC20100506","spring",2010,40,"COR",0,24,0,0
"GC20100506","spring",2010,64,"COR",0,2,0,0
"GC20100506","spring",2010,72,"COR",0,22,0,0
"GC20100506","spring",2010,120,"COR",0,40,0,0
"GC20100506","spring",2010,128,"COR",0,32,0,0
"GC20100506","spring",2010,144,"COR",0,24,0,0
"GC20100506","spring",2010,152,"COR",0,13,0,0
"GC20100506","spring",2010,160,"COR",0,35,0,0
"GC20100506","spring",2010,184,"COR",0,6,0,0
"GC20100506","spring",2010,192,"COR",0,18,0,0
"GC20100506","spring",2010,208,"COR",0,21,0,0
"GC20100506","spring",2010,216,"COR",0,27,0,0
"GC20100506","spring",2010,248,"COR",0,24,0,0
"GC20100506","spring",2010,264,"COR",0,24,0,0
"GC20100506","spring",2010,296,"COR",0,24,0,0
"GC20100506","spring",2010,312,"COR",0,22,0,0
"GC20100506","spring",2010,320,"COR",0,2,0,0
"GC20100506","spring",2010,336,"COR",0,4,0,0
"GC20100506","spring",2010,344,"COR",0,56,0,0
"GC20100506","spring",2010,376,"COR",0,20,0,0
"GC20100722","fall",2010,240,"COR",4,0,4,0
"GC20100722","fall",2010,264,"COR",4,0,4,0
"GC20100722","fall",2010,288,"COR",2,0,2,0
"GC20100722","fall",2010,344,"COR",4,0,4,0
"GC20100805","fall",2010,120,"COR",0,12,214,0
"GC20100805","fall",2010,128,"COR",0,85,439,0
"GC20100805","fall",2010,124.24,"LCR",0,0,39,0
"GC20100902","fall",2010,120,"COR",0,19.6,226,0
"GC20100902","fall",2010,128,"COR",0,99,719,0
"GC20100902","fall",2010,124.24,"LCR",0,0,48,0
"GC20100911","fall",2010,72,"COR",20,0,6,0
"GC20100911","fall",2010,96,"COR",20,0,6,0
"GC20100911","fall",2010,112,"COR",2,0,0,0
"GC20100911","fall",2010,120,"COR",38,0,12,0
"GC20100911","fall",2010,144,"COR",20,0,0,0
"GC20100911","fall",2010,160,"COR",19,0,3,0
"GC20100911","fall",2010,167.53,"BAC",1,0,0,0
"GC20100911","fall",2010,200,"COR",50,0,0,0
"GC20100911","fall",2010,208,"COR",60,0,4,0
"GC20100911","fall",2010,224,"COR",60,0,0,0
"GC20100911","fall",2010,232,"COR",7,0,0,0
"GC20100911","fall",2010,272,"COR",46,0,0,0
"GC20100911","fall",2010,280,"COR",16,0,0,0
"GC20100911","fall",2010,368,"COR",19,0,0,0
"GC20100911","fall",2010,416,"COR",4,0,0,0
"GC20100911","fall",2010,424,"COR",6,0,0,0
"GC20100911","fall",2010,432,"COR",6,0,0,0
"GC20100911","fall",2010,440,"COR",4,0,0,0
"GC20101014","fall",2010,120,"COR",0,12.2,228,0
"GC20101014","fall",2010,128,"COR",0,107.4,672,0
"GC20110507","spring",2011,24,"COR",0,59,0,0
"GC20110507","spring",2011,72,"COR",0,23,0,0
"GC20110507","spring",2011,80,"COR",0,7,0,0
"GC20110507","spring",2011,112,"COR",0,32,0,0
"GC20110507","spring",2011,120,"COR",0,36,0,0
"GC20110507","spring",2011,128,"COR",0,22,0,0
"GC20110507","spring",2011,136,"COR",0,30,0,0
"GC20110507","spring",2011,152,"COR",0,20,0,0
"GC20110507","spring",2011,160,"COR",0,80,0,0
"GC20110507","spring",2011,168,"COR",0,20,0,0
"GC20110507","spring",2011,192,"COR",0,30,0,0
"GC20110507","spring",2011,208,"COR",0,16,0,0
"GC20110507","spring",2011,216,"COR",0,27,0,0
"GC20110507","spring",2011,256,"COR",0,30,0,0
"GC20110507","spring",2011,272,"COR",0,9,0,0
"GC20110507","spring",2011,280,"COR",0,21,0,0
"GC20110507","spring",2011,288,"COR",0,17,0,0
"GC20110507","spring",2011,296,"COR",0,13,0,0
"GC20110507","spring",2011,328,"COR",0,30,0,0
"GC20110507","spring",2011,336,"COR",0,30,0,0
"GC20110507","spring",2011,352,"COR",0,25,0,0
"GC20110507","spring",2011,360,"COR",0,5,0,0
"GC20110507","spring",2011,376,"COR",0,27,0,0
"GC20110507","spring",2011,384,"COR",0,3,0,0
"GC20110507","spring",2011,392,"COR",0,24,0,0
"GC20110507","spring",2011,408,"COR",0,24,0,0
"GC20110507","spring",2011,416,"COR",0,8,0,0
"GC20110507","spring",2011,424,"COR",0,15,0,0
"GC20110507","spring",2011,440,"COR",0,24,0,0
"GC20110805","fall",2011,120,"COR",0,12.2,228,0
"GC20110805","fall",2011,128,"COR",0,83,729,0
"GC20110805","fall",2011,124.24,"LCR",0,0,100,0
"GC20110901","fall",2011,120,"COR",0,11.4,227,0
"GC20110901","fall",2011,128,"COR",0,84.8,734,0
"GC20110908","fall",2011,72,"COR",30,0,0,0
"GC20110908","fall",2011,112,"COR",12,0,0,0
"GC20110908","fall",2011,120,"COR",65,0,0,0
"GC20110908","fall",2011,144,"COR",33,0,0,0
"GC20110908","fall",2011,160,"COR",30,0,0,0
"GC20110908","fall",2011,167.53,"BAC",1,0,0,0
"GC20110908","fall",2011,192,"COR",8,0,0,0
"GC20110908","fall",2011,200,"COR",74,0,0,0
"GC20110908","fall",2011,208,"COR",76,0,0,0
"GC20110908","fall",2011,216,"COR",10,0,0,0
"GC20110908","fall",2011,224,"COR",68,0,0,0
"GC20110908","fall",2011,232,"COR",14,0,0,0
"GC20110908","fall",2011,272,"COR",44,0,0,0
"GC20110908","fall",2011,280,"COR",26,0,0,0
"GC20110908","fall",2011,368,"COR",40,0,0,0
"GC20110908","fall",2011,416,"COR",40,0,0,0
"GC20111006","fall",2011,120,"COR",0,11.4,228,0
"GC20111006","fall",2011,128,"COR",0,82,732,0
"GC20120419","spring",2012,8,"COR",0,1,0,0
"GC20120419","spring",2012,16,"COR",0,66,0,0
"GC20120419","spring",2012,48,"COR",0,35,0,0
"GC20120419","spring",2012,56,"COR",0,30,0,0
"GC20120419","spring",2012,80,"COR",0,10,0,0
"GC20120419","spring",2012,88,"COR",0,56,0,0
"GC20120419","spring",2012,120,"COR",0,110,91,0
"GC20120419","spring",2012,128,"COR",0,282,532,0
"GC20120419","spring",2012,NA,"COR",0,2,0,0
"GC20120511","spring",2012,24,"COR",0,10,0,0
"GC20120511","spring",2012,32,"COR",0,38,0,0
"GC20120511","spring",2012,104,"COR",0,23,0,0
"GC20120511","spring",2012,120,"COR",0,17,0,0
"GC20120511","spring",2012,128,"COR",0,23,0,0
"GC20120511","spring",2012,144,"COR",0,22,0,0
"GC20120511","spring",2012,160,"COR",0,48,0,0
"GC20120511","spring",2012,176,"COR",0,18,0,0
"GC20120511","spring",2012,192,"COR",0,24,0,0
"GC20120511","spring",2012,208,"COR",0,35,0,0
"GC20120511","spring",2012,216,"COR",0,13,0,0
"GC20120511","spring",2012,248,"COR",0,21,0,0
"GC20120511","spring",2012,272,"COR",0,24,0,0
"GC20120511","spring",2012,296,"COR",0,24,0,0
"GC20120511","spring",2012,312,"COR",0,6,0,0
"GC20120511","spring",2012,320,"COR",0,18,0,0
"GC20120511","spring",2012,336,"COR",0,19,0,0
"GC20120511","spring",2012,344,"COR",0,5,0,0
"GC20120511","spring",2012,376,"COR",0,48,0,0
"GC20120511","spring",2012,NA,"COR",0,6,0,0
"GC20120908","fall",2012,72,"COR",30,0,0,0
"GC20120908","fall",2012,112,"COR",17,0,0,0
"GC20120908","fall",2012,120,"COR",86,0,0,0
"GC20120908","fall",2012,144,"COR",30,0,0,0
"GC20120908","fall",2012,168,"COR",28,0,0,0
"GC20120908","fall",2012,176,"COR",2,0,0,0
"GC20120908","fall",2012,192,"COR",1,0,0,0
"GC20120908","fall",2012,200,"COR",158,0,0,0
"GC20120908","fall",2012,208,"COR",34,0,0,0
"GC20120908","fall",2012,216,"COR",6,0,0,0
"GC20120908","fall",2012,224,"COR",54,0,0,0
"GC20120908","fall",2012,232,"COR",26,0,0,0
"GC20120908","fall",2012,272,"COR",54,0,0,0
"GC20120908","fall",2012,280,"COR",19,0,0,0
"GC20120908","fall",2012,368,"COR",103,0,0,0
"GC20120908","fall",2012,416,"COR",31,0,0,0
"GC20120908","fall",2012,424,"COR",19,0,0,0
"GC20120913","fall",2012,16,"COR",0,68,0,0
"GC20120913","fall",2012,48,"COR",0,35,0,0
"GC20120913","fall",2012,56,"COR",0,30,0,0
"GC20120913","fall",2012,80,"COR",0,12,0,0
"GC20120913","fall",2012,88,"COR",0,54,0,0
"GC20120913","fall",2012,120,"COR",0,105,105,0
"GC20120913","fall",2012,128,"COR",0,273,623,0
"GC20120913","fall",2012,NA,"COR",0,1,2,0
"GC20121005","fall",2012,392,"COR",0,24,0,0
"GC20121005","fall",2012,408,"COR",0,24,0,0
"GC20121005","fall",2012,416,"COR",0,24,0,0
"GC20121005","fall",2012,440,"COR",0,19,0,0
"GC20130404","spring",2013,40,"COR",0,17,0,0
"GC20130404","spring",2013,72,"COR",0,38,0,0
"GC20130404","spring",2013,112,"COR",0,1,0,0
"GC20130404","spring",2013,120,"COR",0,35,0,0
"GC20130404","spring",2013,160,"COR",0,20,0,0
"GC20130404","spring",2013,184,"COR",0,12,0,0
"GC20130404","spring",2013,192,"COR",0,7,0,0
"GC20130404","spring",2013,208,"COR",0,20,0,0
"GC20130404","spring",2013,248,"COR",0,20,0,0
"GC20130404","spring",2013,256,"COR",0,2,0,0
"GC20130404","spring",2013,288,"COR",0,17,0,0
"GC20130404","spring",2013,296,"COR",0,3,0,0
"GC20130404","spring",2013,336,"COR",0,20,0,0
"GC20130404","spring",2013,384,"COR",0,20,0,0
"GC20130405","spring",2013,8,"COR",0,1,0,0
"GC20130405","spring",2013,16,"COR",0,63,0,0
"GC20130405","spring",2013,48,"COR",0,36,0,0
"GC20130405","spring",2013,56,"COR",0,30,0,0
"GC20130405","spring",2013,80,"COR",0,10,0,0
"GC20130405","spring",2013,88,"COR",0,56,0,0
"GC20130405","spring",2013,120,"COR",0,108,80,0
"GC20130405","spring",2013,128,"COR",0,271,506,0
"GC20130405","spring",2013,NA,"COR",0,1,5,0
"GC20130525","spring",2013,32,"COR",0,2,0,0
"GC20130525","spring",2013,40,"COR",0,14,0,0
"GC20130525","spring",2013,80,"COR",0,16,0,0
"GC20130525","spring",2013,104,"COR",0,5,0,0
"GC20130525","spring",2013,112,"COR",0,15,0,0
"GC20130525","spring",2013,128,"COR",0,20,0,0
"GC20130525","spring",2013,144,"COR",0,20,0,0
"GC20130525","spring",2013,160,"COR",0,14,0,0
"GC20130525","spring",2013,168,"COR",0,18,0,0
"GC20130525","spring",2013,208,"COR",0,12,0,0
"GC20130525","spring",2013,216,"COR",0,8,0,0
"GC20130525","spring",2013,256,"COR",0,20,0,0
"GC20130525","spring",2013,296,"COR",0,20,0,0
"GC20130525","spring",2013,328,"COR",0,20,0,0
"GC20130525","spring",2013,368,"COR",0,20,0,0
"GC20130610","spring",2013,200,"COR",131,0,0,0
"GC20130720","fall",2013,288,"COR",40,0,0,0
"GC20130720","fall",2013,336,"COR",40,0,0,0
"GC20130720","fall",2013,376,"COR",38,0,0,0
"GC20130720","fall",2013,384,"COR",2,0,0,0
"GC20130904","fall",2013,200,"COR",142,0,0,0
"GC20130907","fall",2013,72,"COR",54,0,0,0
"GC20130907","fall",2013,80,"COR",55,0,0,0
"GC20130907","fall",2013,112,"COR",11,0,0,0
"GC20130907","fall",2013,120,"COR",29,0,0,0
"GC20130907","fall",2013,144,"COR",40,0,0,0
"GC20130907","fall",2013,160,"COR",24,0,0,0
"GC20130907","fall",2013,208,"COR",85,0,0,0
"GC20130907","fall",2013,216,"COR",5,0,0,0
"GC20130907","fall",2013,224,"COR",65,0,0,0
"GC20130907","fall",2013,232,"COR",15,0,0,0
"GC20130907","fall",2013,272,"COR",55,0,0,0
"GC20130907","fall",2013,280,"COR",20,0,0,0
"GC20130907","fall",2013,360,"COR",7,0,0,0
"GC20130907","fall",2013,368,"COR",92,0,0,0
"GC20130907","fall",2013,408,"COR",50,0,0,0
"GC20130912","fall",2013,16,"COR",0,59,0,0
"GC20130912","fall",2013,48,"COR",0,36,0,0
"GC20130912","fall",2013,56,"COR",0,29,0,0
"GC20130912","fall",2013,80,"COR",0,10,0,0
"GC20130912","fall",2013,88,"COR",0,56,0,0
"GC20130912","fall",2013,120,"COR",0,64,104,0
"GC20130912","fall",2013,128,"COR",0,71,594,0
"GC20131028","fall",2013,384,"COR",0,6,0,0
"GC20131028","fall",2013,408,"COR",0,14,0,0
"GC20131028","fall",2013,416,"COR",0,11,0,0
"GC20131028","fall",2013,424,"COR",0,12,0,0
"GC20131028","fall",2013,432,"COR",0,3,0,0
"GC20140403","spring",2014,16,"COR",0,67,0,0
"GC20140403","spring",2014,24,"COR",0,7,0,0
"GC20140403","spring",2014,32,"COR",0,9,0,0
"GC20140403","spring",2014,48,"COR",0,51,0,0
"GC20140403","spring",2014,56,"COR",0,31,0,0
"GC20140403","spring",2014,72,"COR",0,11,0,0
"GC20140403","spring",2014,80,"COR",0,17,0,0
"GC20140403","spring",2014,88,"COR",0,58,0,0
"GC20140403","spring",2014,96,"COR",0,10,0,0
"GC20140403","spring",2014,104,"COR",0,4,0,0
"GC20140403","spring",2014,112,"COR",0,15,0,0
"GC20140403","spring",2014,120,"COR",0,78,121,0
"GC20140403","spring",2014,128,"COR",0,108,604,0
"GC20140403","spring",2014,136,"COR",0,1,0,0
"GC20140403","spring",2014,160,"COR",0,20,0,0
"GC20140403","spring",2014,184,"COR",0,13,0,0
"GC20140403","spring",2014,192,"COR",0,35,0,0
"GC20140403","spring",2014,200,"COR",0,1,0,0
"GC20140403","spring",2014,208,"COR",0,16,0,0
"GC20140403","spring",2014,240,"COR",0,23,0,0
"GC20140403","spring",2014,256,"COR",0,18,0,0
"GC20140403","spring",2014,264,"COR",0,6,0,0
"GC20140403","spring",2014,360,"COR",0,15,0,0
"GC20140403","spring",2014,368,"COR",0,8,0,0
"GC20140403","spring",2014,NA,"COR",0,9,0,0
"GC20140524","spring",2014,48,"COR",0,15,0,0
"GC20140524","spring",2014,56,"COR",0,16,0,0
"GC20140524","spring",2014,80,"COR",0,11,0,0
"GC20140524","spring",2014,88,"COR",0,7,0,0
"GC20140524","spring",2014,96,"COR",0,4,0,0
"GC20140524","spring",2014,104,"COR",0,14,0,0
"GC20140524","spring",2014,136,"COR",0,4,0,0
"GC20140524","spring",2014,144,"COR",0,11,0,0
"GC20140524","spring",2014,224,"COR",0,18,0,0
"GC20140524","spring",2014,232,"COR",0,14,0,0
"GC20140524","spring",2014,296,"COR",0,7,0,0
"GC20140524","spring",2014,304,"COR",0,31,0,0
"GC20140524","spring",2014,312,"COR",0,8,0,0
"GC20140524","spring",2014,328,"COR",0,17,0,0
"GC20140524","spring",2014,336,"COR",0,6,0,0
"GC20140524","spring",2014,352,"COR",0,16,0,0
"GC20140524","spring",2014,360,"COR",0,10,0,0
"GC20140524","spring",2014,368,"COR",0,22,0,0
"GC20140524","spring",2014,384,"COR",0,16,0,0
"GC20140719","fall",2014,256,"COR",0,0,1,0
"GC20140719","fall",2014,376,"COR",0,0,29,0
"GC20140719","fall",2014,384,"COR",0,0,1,0
"GC20140719","fall",2014,416,"COR",0,0,29,0
"GC20140903","fall",2006,120,"COR",0,2,0,0
"GC20140903","fall",2006,128,"COR",0,1,1,0
"GC20140903","fall",2006,160,"COR",0,2,0,0
"GC20140903","fall",2006,224,"COR",0,4,2,0
"GC20140903","fall",2006,232,"COR",0,1,0,0
"GC20140903","fall",2006,256,"COR",0,2,0,0
"GC20140903","fall",2006,288,"COR",0,1,2,0
"GC20140903","fall",2007,120,"COR",0,8,2,0
"GC20140903","fall",2007,128,"COR",0,1,1,0
"GC20140903","fall",2007,224,"COR",0,6,4,0
"GC20140903","fall",2007,288,"COR",0,4,3,0
"GC20140903","fall",2007,296,"COR",0,1,0,0
"GC20140903","fall",2007,376,"COR",0,1,0,0
"GC20140903","fall",2007,NA,"COR",0,1,0,0
"GC20140903","fall",2008,72,"COR",0,1,0,0
"GC20140903","fall",2008,288,"COR",0,2,3,0
"GC20140903","fall",2008,376,"COR",0,4,0,0
"GC20140903","fall",2008,384,"COR",0,1,1,0
"GC20140903","fall",2008,NA,"COR",0,3,0,0
"GC20140903","spring",2007,224,"COR",0,3,0,0
"GC20140903","spring",2007,232,"COR",0,5,0,0
"GC20140903","spring",2007,288,"COR",0,8,2,0
"GC20140903","spring",2008,72,"COR",0,2,5,0
"GC20140903","spring",2008,120,"COR",0,3,0,0
"GC20140903","spring",2008,128,"COR",0,2,0,0
"GC20140903","spring",2008,224,"COR",0,9,0,0
"GC20140903","spring",2008,232,"COR",0,2,0,0
"GC20140903","spring",2008,288,"COR",0,5,0,0
"GC20140903","spring",2008,NA,"COR",0,1,6,0
"GC20140903","fall",2007,72,"COR",0,0,1,0
"GC20140903","fall",2008,120,"COR",0,0,19,0
"GC20140903","fall",2008,224,"COR",0,0,7,0
"GC20140906","fall",2014,72,"COR",47,0,0,1
"GC20140906","fall",2014,80,"COR",66,0,0,1
"GC20140906","fall",2014,120,"COR",30,0,0,1
"GC20140906","fall",2014,144,"COR",30,0,0,1
"GC20140906","fall",2014,160,"COR",30,0,0,1
"GC20140906","fall",2014,192,"COR",29,0,0,1
"GC20140906","fall",2014,200,"COR",1,0,0,0
"GC20140906","fall",2014,208,"COR",15,0,0,0
"GC20140906","fall",2014,216,"COR",24,0,0,0
"GC20140906","fall",2014,224,"COR",58,0,0,1
"GC20140906","fall",2014,232,"COR",1,0,0,1
"GC20140906","fall",2014,272,"COR",28,0,0,1
"GC20140906","fall",2014,280,"COR",2,0,0,0
"GC20140906","fall",2014,336,"COR",30,0,0,1
"GC20140906","fall",2014,360,"COR",3,0,0,0
"GC20140906","fall",2014,368,"COR",67,0,0,1
"GC20140906","fall",2014,408,"COR",15,0,0,0
"GC20140906","fall",2014,416,"COR",15,0,0,0
"GC20140911","fall",2014,16,"COR",0,68,0,0
"GC20140911","fall",2014,48,"COR",0,38,0,0
"GC20140911","fall",2014,56,"COR",0,30,0,0
"GC20140911","fall",2014,80,"COR",0,10,0,0
"GC20140911","fall",2014,88,"COR",0,57,0,0
"GC20140911","fall",2014,120,"COR",0,72,124,0
"GC20140911","fall",2014,128,"COR",0,88,610,0
"GC20140911","fall",2014,NA,"COR",0,3,0,0
"GC20141020","fall",2014,400,"COR",0,8,0,0
"GC20141020","fall",2014,408,"COR",0,16,0,0
"GC20141020","fall",2014,416,"COR",0,12,0,0
"GC20141020","fall",2014,424,"COR",0,12,0,0
"GC20141020","fall",2014,440,"COR",0,11,0,0
"GC20141020","fall",2014,448,"COR",0,23,0,0
"GC20141020","fall",2014,456,"COR",0,14,0,0
"GC20150401","spring",2015,24,"COR",0,11,0,0
"GC20150401","spring",2015,32,"COR",0,5,0,0
"GC20150401","spring",2015,56,"COR",0,16,0,0
"GC20150401","spring",2015,72,"COR",0,13,0,0
"GC20150401","spring",2015,80,"COR",0,5,0,0
"GC20150401","spring",2015,136,"COR",0,20,0,0
"GC20150401","spring",2015,176,"COR",0,20,0,0
"GC20150401","spring",2015,216,"COR",0,19,0,0
"GC20150401","spring",2015,232,"COR",0,17,0,0
"GC20150401","spring",2015,272,"COR",0,4,0,0
"GC20150401","spring",2015,280,"COR",0,20,0,0
"GC20150401","spring",2015,304,"COR",0,16,0,0
"GC20150401","spring",2015,312,"COR",0,9,0,0
"GC20150401","spring",2015,336,"COR",0,15,0,0
"GC20150401","spring",2015,344,"COR",0,9,0,0
"GC20150401","spring",2015,376,"COR",0,25,0,0
"GC20150401","spring",2015,384,"COR",0,9,0,0
"GC20150401","spring",2015,392,"COR",0,15,0,0
"GC20150401","spring",2015,408,"COR",0,24,0,0
"GC20150401","spring",2015,448,"COR",0,3,0,0
"GC20150401","spring",2015,456,"COR",0,13,0,0
"GC20150401","spring",2015,464,"COR",0,10,0,0
"GC20150401","spring",2015,472,"COR",0,11,0,0
"GC20150402","spring",2015,16,"COR",0,68,0,0
"GC20150402","spring",2015,24,"COR",0,3,0,0
"GC20150402","spring",2015,32,"COR",0,51,0,0
"GC20150402","spring",2015,48,"COR",0,38,0,0
"GC20150402","spring",2015,56,"COR",0,30,0,0
"GC20150402","spring",2015,80,"COR",0,10,0,0
"GC20150402","spring",2015,88,"COR",0,57,0,0
"GC20150402","spring",2015,120,"COR",0,80,112,0
"GC20150402","spring",2015,128,"COR",0,91,518,0
"GC20150430","spring",2015,48,"COR",0,5,0,0
"GC20150430","spring",2015,56,"COR",0,15,0,0
"GC20150430","spring",2015,64,"COR",0,18,0,0
"GC20150430","spring",2015,72,"COR",0,1,0,0
"GC20150430","spring",2015,104,"COR",0,4,0,0
"GC20150430","spring",2015,112,"COR",0,17,0,0
"GC20150430","spring",2015,152,"COR",0,35,0,0
"GC20150430","spring",2015,160,"COR",0,24,0,0
"GC20150430","spring",2015,168,"COR",0,5,0,0
"GC20150430","spring",2015,176,"COR",0,14,0,0
"GC20150430","spring",2015,200,"COR",0,1,0,0
"GC20150430","spring",2015,208,"COR",0,19,0,0
"GC20150430","spring",2015,224,"COR",0,24,0,0
"GC20150430","spring",2015,264,"COR",0,24,0,0
"GC20150430","spring",2015,288,"COR",0,20,0,0
"GC20150430","spring",2015,360,"COR",0,24,0,0
"GC20150430","spring",2015,376,"COR",0,17,0,0
"GC20150430","spring",2015,384,"COR",0,7,0,0
"GC20150430","spring",2015,424,"COR",0,18,0,0
"GC20150430","spring",2015,432,"COR",0,6,0,0
"GC20150430","spring",2015,448,"COR",0,11,0,0
"GC20150430","spring",2015,456,"COR",0,13,0,0
"GC20150901","fall",2015,72,"COR",38,3,0,9
"GC20150901","fall",2015,80,"COR",57,3,0,5
"GC20150901","fall",2015,120,"COR",24,0,0,6
"GC20150901","fall",2015,144,"COR",29,0,0,6
"GC20150901","fall",2015,168,"COR",27,0,0,5
"GC20150901","fall",2015,176,"COR",1,0,0,1
"GC20150901","fall",2015,208,"COR",60,5,0,9
"GC20150901","fall",2015,224,"COR",30,0,0,5
"GC20150901","fall",2015,272,"COR",13,0,0,2
"GC20150901","fall",2015,280,"COR",17,0,0,2
"GC20150901","fall",2015,296,"COR",34,0,0,4
"GC20150901","fall",2015,336,"COR",22,0,0,2
"GC20150901","fall",2015,344,"COR",8,0,0,2
"GC20150901","fall",2015,368,"COR",70,6,0,7
"GC20150901","fall",2015,408,"COR",27,0,0,0
"GC20150901","fall",2015,416,"COR",43,4,0,2
"GC20150901","fall",2015,NA,"COR",3,0,0,0
"GC20150910","fall",2014,56,"COR",0,1,0,0
"GC20150910","fall",2015,16,"COR",0,67,0,0
"GC20150910","fall",2015,48,"COR",0,35,0,0
"GC20150910","fall",2015,56,"COR",0,29,0,0
"GC20150910","fall",2015,80,"COR",0,10,0,0
"GC20150910","fall",2015,88,"COR",0,57,0,0
"GC20150910","fall",2015,120,"COR",0,97,146,0
"GC20150910","fall",2015,128,"COR",0,91,638,0
"GC20150910","fall",2015,NA,"COR",0,1,0,0
"GC20151012","fall",2015,400,"COR",0,14,0,0
"GC20151012","fall",2015,408,"COR",0,10,0,0
"GC20151012","fall",2015,440,"COR",0,14,0,0
"GC20151012","fall",2015,448,"COR",0,24,0,0
"GC20151012","fall",2015,456,"COR",0,10,0,0
"GC20151012","fall",2015,464,"COR",0,8,0,0
"GC20151012","fall",2015,472,"COR",0,16,0,0
"GC20151016","fall",2015,0,"COR",0,99,0,0
"GC20151016","fall",2015,8,"COR",0,114,0,0
"GC20151016","fall",2015,16,"COR",0,117,0,0
"GC20151016","fall",2015,24,"COR",0,11,0,0
"GC20151016","fall",2015,NA,"COR",0,7,0,0
"GC20160330","spring",2016,16,"COR",0,68,0,0
"GC20160330","spring",2016,48,"COR",0,38,0,0
"GC20160330","spring",2016,56,"COR",0,39,0,0
"GC20160330","spring",2016,80,"COR",0,10,0,0
"GC20160330","spring",2016,88,"COR",0,58,0,0
"GC20160330","spring",2016,120,"COR",0,69,152,0
"GC20160330","spring",2016,128,"COR",0,85,567,0
"GC20160330","spring",2016,NA,"COR",0,3,0,0
"GC20160405","spring",2016,24,"COR",2,14,0,0
"GC20160405","spring",2016,32,"COR",2,9,0,0
"GC20160405","spring",2016,64,"COR",5,19,0,0
"GC20160405","spring",2016,104,"COR",1,6,0,0
"GC20160405","spring",2016,112,"COR",6,18,0,0
"GC20160405","spring",2016,128,"COR",6,22,0,0
"GC20160405","spring",2016,136,"COR",1,2,0,0
"GC20160405","spring",2016,160,"COR",6,19,0,0
"GC20160405","spring",2016,168,"COR",2,4,0,0
"GC20160405","spring",2016,192,"COR",8,16,0,0
"GC20160405","spring",2016,240,"COR",8,24,0,0
"GC20160405","spring",2016,272,"COR",8,24,0,0
"GC20160405","spring",2016,320,"COR",5,11,0,0
"GC20160405","spring",2016,328,"COR",3,12,0,0
"GC20160405","spring",2016,368,"COR",4,18,0,0
"GC20160405","spring",2016,384,"COR",8,21,0,0
"GC20160405","spring",2016,408,"COR",1,13,0,0
"GC20160405","spring",2016,416,"COR",7,11,0,0
"GC20160405","spring",2016,424,"COR",3,11,0,0
"GC20160405","spring",2016,432,"COR",5,13,0,0
"GC20160405","spring",2016,448,"COR",3,17,0,0
"GC20160405","spring",2016,456,"COR",5,7,0,0
"GC20160405","spring",2016,464,"COR",1,11,0,0
"GC20160405","spring",2016,472,"COR",7,13,0,0
"GC20160405","spring",2016,72,"COR",0,1,0,0
"GC20160519","spring",2016,32,"COR",4,7,0,0
"GC20160519","spring",2016,40,"COR",6,17,0,0
"GC20160519","spring",2016,72,"COR",11,24,0,0
"GC20160519","spring",2016,80,"COR",9,24,0,0
"GC20160519","spring",2016,96,"COR",10,24,0,0
"GC20160519","spring",2016,120,"COR",7,17,0,0
"GC20160519","spring",2016,128,"COR",3,7,0,0
"GC20160519","spring",2016,152,"COR",5,13,0,0
"GC20160519","spring",2016,160,"COR",1,5,0,0
"GC20160519","spring",2016,208,"COR",10,20,0,0
"GC20160519","spring",2016,256,"COR",10,24,0,0
"GC20160519","spring",2016,296,"COR",10,24,0,0
"GC20160519","spring",2016,304,"COR",3,16,0,0
"GC20160519","spring",2016,312,"COR",15,25,0,0
"GC20160519","spring",2016,320,"COR",12,31,0,0
"GC20160519","spring",2016,336,"COR",5,13,0,0
"GC20160519","spring",2016,344,"COR",5,11,0,0
"GC20160519","spring",2016,376,"COR",10,20,0,0
"GC20160519","spring",2016,216,"COR",0,4,0,0
"GC20160519","spring",2016,384,"COR",0,4,0,0
"GC20160519","spring",2016,440,"COR",0,11,0,0
"GC20160519","spring",2016,448,"COR",0,13,0,0
"GC20160827","fall",2015,224,"COR",1,0,0,0
"GC20160827","fall",2016,72,"COR",22,0,0,26
"GC20160827","fall",2016,80,"COR",58,0,0,27
"GC20160827","fall",2016,120,"COR",24,0,0,45
"GC20160827","fall",2016,128,"COR",14,0,0,39
"GC20160827","fall",2016,136,"COR",10,0,0,15
"GC20160827","fall",2016,168,"COR",28,0,0,9
"GC20160827","fall",2016,176,"COR",2,0,0,6
"GC20160827","fall",2016,208,"COR",29,0,0,26
"GC20160827","fall",2016,216,"COR",41,0,0,32
"GC20160827","fall",2016,224,"COR",30,0,0,15
"GC20160827","fall",2016,248,"COR",30,0,0,7
"GC20160827","fall",2016,272,"COR",19,0,0,15
"GC20160827","fall",2016,280,"COR",10,0,0,8
"GC20160827","fall",2016,296,"COR",38,0,0,11
"GC20160827","fall",2016,336,"COR",28,0,0,14
"GC20160827","fall",2016,344,"COR",1,0,0,0
"GC20160827","fall",2016,360,"COR",30,0,0,7
"GC20160827","fall",2016,368,"COR",30,0,0,22
"GC20160827","fall",2016,408,"COR",31,0,0,0
"GC20160827","fall",2016,416,"COR",4,0,0,0
"GC20160827","fall",2016,424,"COR",26,0,0,0
"GC20160827","fall",2016,124.24,"LCR",0,0,1,0
"GC20160908","fall",2016,16,"COR",0,64,0,0
"GC20160908","fall",2016,48,"COR",0,38,0,0
"GC20160908","fall",2016,56,"COR",0,30,0,0
"GC20160908","fall",2016,80,"COR",0,10,0,0
"GC20160908","fall",2016,88,"COR",0,59,0,0
"GC20160908","fall",2016,120,"COR",0,68,139,0
"GC20160908","fall",2016,128,"COR",0,86,588,0
"GC20160908","fall",2016,NA,"COR",0,1,0,0
"GC20160910","fall",2016,120,"COR",0,0,0,22
"GC20160910","fall",2016,128,"COR",0,0,0,66
"GC20161007","fall",2016,384,"COR",10,2,0,0
"GC20161007","fall",2016,392,"COR",14,4,0,0
"GC20161007","fall",2016,400,"COR",20,8,0,0
"GC20161007","fall",2016,408,"COR",17,2,0,0
"GC20161007","fall",2016,448,"COR",12,4,0,0
"GC20161007","fall",2016,456,"COR",12,2,0,0
"GC20170402","spring",2017,32,"COR",3,6,0,0
"GC20170402","spring",2017,40,"COR",5,14,0,0
"GC20170402","spring",2017,48,"COR",6,11,0,0
"GC20170402","spring",2017,56,"COR",2,9,0,0
"GC20170402","spring",2017,104,"COR",8,16,0,0
"GC20170402","spring",2017,120,"COR",12,9,0,0
"GC20170402","spring",2017,128,"COR",8,3,0,0
"GC20170402","spring",2017,160,"COR",14,11,0,0
"GC20170402","spring",2017,168,"COR",6,1,0,0
"GC20170402","spring",2017,200,"COR",4,4,0,0
"GC20170402","spring",2017,248,"COR",5,10,0,0
"GC20170402","spring",2017,256,"COR",1,2,0,0
"GC20170402","spring",2017,272,"COR",10,18,0,0
"GC20170402","spring",2017,296,"COR",14,23,0,0
"GC20170402","spring",2017,312,"COR",16,18,0,0
"GC20170402","spring",2017,320,"COR",4,6,0,0
"GC20170402","spring",2017,336,"COR",7,13,0,0
"GC20170402","spring",2017,344,"COR",13,11,0,0
"GC20170402","spring",2017,376,"COR",15,19,0,0
"GC20170402","spring",2017,384,"COR",1,1,0,0
"GC20170402","spring",2017,408,"COR",5,8,0,0
"GC20170402","spring",2017,416,"COR",11,12,0,0
"GC20170402","spring",2017,440,"COR",12,8,0,0
"GC20170402","spring",2017,448,"COR",4,12,0,0
"GC20170402","spring",2017,456,"COR",5,10,0,0
"GC20170402","spring",2017,464,"COR",4,10,0,0
"GC20170402","spring",2017,NA,"COR",1,0,0,0
"GC20170402","spring",2017,96,"COR",0,4,0,0
"GC20170425","spring",2017,16,"COR",0,77,0,0
"GC20170425","spring",2017,120,"COR",0,51,187,0
"GC20170425","spring",2017,128,"COR",0,93,531,0
"GC20170425","spring",2017,344,"COR",0,142,434,0
"GC20170525","spring",2017,48,"COR",8,15,0,0
"GC20170525","spring",2017,96,"COR",16,21,0,0
"GC20170525","spring",2017,104,"COR",6,6,0,0
"GC20170525","spring",2017,112,"COR",10,14,0,0
"GC20170525","spring",2017,136,"COR",10,20,0,0
"GC20170525","spring",2017,168,"COR",12,16,0,0
"GC20170525","spring",2017,208,"COR",14,15,0,0
"GC20170525","spring",2017,216,"COR",2,4,0,0
"GC20170525","spring",2017,264,"COR",13,14,0,0
"GC20170525","spring",2017,272,"COR",6,12,0,0
"GC20170525","spring",2017,280,"COR",13,14,0,0
"GC20170525","spring",2017,304,"COR",7,14,0,0
"GC20170525","spring",2017,312,"COR",9,6,0,0
"GC20170525","spring",2017,320,"COR",16,20,0,0
"GC20170525","spring",2017,344,"COR",8,11,0,0
"GC20170525","spring",2017,352,"COR",4,9,0,0
"GC20170525","spring",2017,400,"COR",4,5,0,0
"GC20170525","spring",2017,408,"COR",12,15,0,0
"GC20170525","spring",2017,416,"COR",3,9,0,0
"GC20170525","spring",2017,424,"COR",9,11,0,0
"GC20170525","spring",2017,448,"COR",5,11,0,0
"GC20170525","spring",2017,456,"COR",10,9,0,0
"GC20170525","spring",2017,464,"COR",5,7,0,0
"GC20170525","spring",2017,472,"COR",5,13,0,0
"GC20170819","fall",2017,72,"COR",39,0,0,5
"GC20170819","fall",2017,80,"COR",21,0,0,5
"GC20170819","fall",2017,104,"COR",40,0,0,7
"GC20170819","fall",2017,120,"COR",19,0,0,2
"GC20170819","fall",2017,128,"COR",51,0,0,5
"GC20170819","fall",2017,168,"COR",25,0,0,3
"GC20170819","fall",2017,176,"COR",5,0,0,2
"GC20170819","fall",2017,200,"COR",30,0,0,6
"GC20170819","fall",2017,208,"COR",40,0,0,4
"GC20170819","fall",2017,224,"COR",28,0,6,5
"GC20170819","fall",2017,272,"COR",27,0,0,3
"GC20170819","fall",2017,280,"COR",5,0,0,0
"GC20170819","fall",2017,288,"COR",2,0,0,0
"GC20170819","fall",2017,296,"COR",13,0,0,3
"GC20170819","fall",2017,312,"COR",18,0,0,1
"GC20170819","fall",2017,320,"COR",15,0,0,2
"GC20170819","fall",2017,360,"COR",45,0,0,2
"GC20170819","fall",2017,368,"COR",19,0,0,1
"GC20170819","fall",2017,408,"COR",32,0,0,3
"GC20170819","fall",2017,416,"COR",3,0,0,1
"GC20170819","fall",2017,424,"COR",25,0,0,2
"GC20170926","fall",2017,16,"COR",0,58,0,0
"GC20170926","fall",2017,48,"COR",0,29,0,0
"GC20170926","fall",2017,56,"COR",0,10,0,0
"GC20170926","fall",2017,120,"COR",0,52,168,0
"GC20170926","fall",2017,128,"COR",0,95,474,0
"GC20170926","fall",2017,360,"COR",0,116,555,0
"GC20170926","fall",2017,368,"COR",0,27,157,0
"GC20170928","fall",2017,120,"COR",0,0,0,6
"GC20170928","fall",2017,128,"COR",0,0,0,6
"GC20170928","fall",2017,360,"COR",0,0,0,24
"GC20170928","fall",2017,368,"COR",0,0,0,12
"GC20171006","fall",2017,408,"COR",7,8,0,0
"GC20171006","fall",2017,416,"COR",20,26,0,0
"GC20171006","fall",2017,424,"COR",15,23,0,0
"GC20171006","fall",2017,432,"COR",7,15,0,0
"GC20171006","fall",2017,440,"COR",4,0,0,0
"GC20171006","fall",2017,448,"COR",6,0,0,0
"GC20180405","spring",2018,48,"COR",4,10,0,0
"GC20180405","spring",2018,56,"COR",4,10,0,0
"GC20180405","spring",2018,64,"COR",4,11,0,0
"GC20180405","spring",2018,72,"COR",1,4,0,0
"GC20180405","spring",2018,96,"COR",4,1,0,0
"GC20180405","spring",2018,104,"COR",8,19,0,0
"GC20180405","spring",2018,120,"COR",10,16,0,0
"GC20180405","spring",2018,128,"COR",5,8,0,0
"GC20180405","spring",2018,160,"COR",10,15,0,0
"GC20180405","spring",2018,168,"COR",2,7,0,0
"GC20180405","spring",2018,200,"COR",8,14,0,0
"GC20180405","spring",2018,216,"COR",9,17,0,0
"GC20180405","spring",2018,224,"COR",3,5,0,0
"GC20180405","spring",2018,312,"COR",9,18,0,0
"GC20180405","spring",2018,320,"COR",3,5,0,0
"GC20180405","spring",2018,376,"COR",6,10,0,0
"GC20180405","spring",2018,408,"COR",3,11,0,0
"GC20180405","spring",2018,416,"COR",11,13,0,0
"GC20180405","spring",2018,NA,"COR",0,1,0,0
"GC20180426","spring",2018,72,"COR",8,20,0,0
"GC20180426","spring",2018,80,"COR",1,3,0,0
"GC20180426","spring",2018,88,"COR",7,17,0,0
"GC20180426","spring",2018,112,"COR",6,15,0,0
"GC20180426","spring",2018,120,"COR",5,8,0,0
"GC20180426","spring",2018,160,"COR",4,5,0,0
"GC20180426","spring",2018,176,"COR",5,9,0,0
"GC20180426","spring",2018,200,"COR",3,6,0,0
"GC20180426","spring",2018,208,"COR",15,18,0,0
"GC20180426","spring",2018,216,"COR",1,6,0,0
"GC20180426","spring",2018,224,"COR",7,12,0,0
"GC20180426","spring",2018,288,"COR",10,19,0,0
"GC20180426","spring",2018,296,"COR",1,1,0,0
"GC20180426","spring",2018,328,"COR",5,10,0,0
"GC20180426","spring",2018,336,"COR",9,14,0,0
"GC20180426","spring",2018,384,"COR",7,6,0,0
"GC20180426","spring",2018,392,"COR",7,18,0,0
"GC20180426","spring",2018,448,"COR",4,15,0,0
"GC20180426","spring",2018,456,"COR",8,9,0,0
"GC20180511","spring",2018,120,"COR",0,52,183,20
"GC20180511","spring",2018,128,"COR",0,94,527,61
"GC20180511","spring",2018,360,"COR",0,106,511,59
"GC20180511","spring",2018,368,"COR",0,39,214,26
"GC20180615","spring",2018,16,"COR",0,59,0,0
"GC20180615","spring",2018,120,"COR",0,14,37,0
"GC20180615","spring",2018,128,"COR",0,8,84,0
"GC20180615","spring",2018,NA,"COR",0,1,0,0
"GC20180617","spring",2018,120,"COR",0,0,0,5
"GC20180617","spring",2018,128,"COR",0,0,0,21
"GC20180822","fall",2018,72,"COR",11,0,0,0
"GC20180822","fall",2018,80,"COR",13,0,0,0
"GC20180822","fall",2018,120,"COR",22,0,0,2
"GC20180822","fall",2018,128,"COR",56,0,0,3
"GC20180822","fall",2018,160,"COR",30,0,0,3
"GC20180822","fall",2018,216,"COR",40,0,0,3
"GC20180822","fall",2018,224,"COR",32,0,0,0
"GC20180822","fall",2018,272,"COR",17,0,0,0
"GC20180822","fall",2018,280,"COR",12,0,0,0
"GC20180822","fall",2018,312,"COR",8,0,0,0
"GC20180822","fall",2018,320,"COR",22,0,0,0
"GC20180822","fall",2018,360,"COR",53,0,0,5
"GC20180822","fall",2018,368,"COR",23,0,0,1
"GC20180822","fall",2018,376,"COR",30,0,0,0
"GC20180822","fall",2018,400,"COR",43,0,0,3
"GC20180822","fall",2018,408,"COR",41,0,0,11
"GC20180822","fall",2018,416,"COR",75,0,0,10
"GC20180822","fall",2018,424,"COR",9,0,0,2
"GC20180927","fall",2018,416,"COR",7,8,0,0
"GC20180927","fall",2018,424,"COR",15,20,0,0
"GC20180927","fall",2018,432,"COR",10,12,0,0
"GC20180927","fall",2018,440,"COR",12,0,0,0
"GC20180927","fall",2018,448,"COR",22,0,0,0
"GC20180927","fall",2018,456,"COR",6,0,0,0
"GC20180928","fall",2018,400,"COR",79,0,0,0
"GC20180928","fall",2018,408,"COR",75,0,0,0
"GC20181005","fall",2018,120,"COR",0,0,0,18
"GC20181005","fall",2018,128,"COR",0,0,0,58
"GC20181005","fall",2018,360,"COR",0,0,0,64
"GC20181005","fall",2018,368,"COR",0,0,0,30
"GC20181006","fall",2018,48,"COR",0,25,0,0
"GC20181006","fall",2018,56,"COR",0,7,0,0
"GC20181006","fall",2018,120,"COR",0,51,234,0
"GC20181006","fall",2018,128,"COR",0,93,474,0
"GC20181006","fall",2018,360,"COR",0,94,512,0
"GC20181006","fall",2018,368,"COR",0,26,190,0
"GC20181023","fall",2018,472,"COR",2,0,0,0
"GC20181023","fall",2018,480,"COR",14,0,0,0
"GC20181023","fall",2018,488,"COR",17,0,0,0
"GC20181023","fall",2018,496,"COR",12,0,0,0
"GC20190403","spring",2019,24,"COR",4,12,0,0
"GC20190403","spring",2019,32,"COR",4,12,0,0
"GC20190403","spring",2019,72,"COR",10,22,0,0
"GC20190403","spring",2019,112,"COR",4,19,0,0
"GC20190403","spring",2019,120,"COR",3,3,0,0
"GC20190403","spring",2019,160,"COR",8,17,0,0
"GC20190403","spring",2019,168,"COR",3,5,0,0
"GC20190403","spring",2019,192,"COR",2,4,0,0
"GC20190403","spring",2019,224,"COR",3,10,0,0
"GC20190403","spring",2019,232,"COR",2,5,0,0
"GC20190403","spring",2019,280,"COR",5,10,0,0
"GC20190403","spring",2019,288,"COR",2,12,0,0
"GC20190403","spring",2019,312,"COR",4,19,0,0
"GC20190403","spring",2019,320,"COR",3,4,0,0
"GC20190403","spring",2019,352,"COR",5,17,0,0
"GC20190403","spring",2019,360,"COR",1,3,0,0
"GC20190403","spring",2019,384,"COR",4,12,0,0
"GC20190403","spring",2019,392,"COR",4,12,0,0
"GC20190403","spring",2019,408,"COR",5,6,0,0
"GC20190403","spring",2019,416,"COR",11,18,0,0
"GC20190403","spring",2019,448,"COR",6,14,0,0
"GC20190403","spring",2019,456,"COR",6,10,0,0
"GC20190501","spring",2019,120,"COR",0,52,168,23
"GC20190501","spring",2019,128,"COR",0,92,519,49
"GC20190501","spring",2019,360,"COR",0,105,512,79
"GC20190501","spring",2019,368,"COR",0,39,206,30
"GC20190501","spring",2019,NA,"COR",0,1,0,0
"GC20190518","spring",2019,48,"COR",1,10,0,0
"GC20190518","spring",2019,56,"COR",5,2,0,0
"GC20190518","spring",2019,96,"COR",8,18,0,0
"GC20190518","spring",2019,120,"COR",9,16,0,0
"GC20190518","spring",2019,128,"COR",7,7,0,0
"GC20190518","spring",2019,176,"COR",3,6,0,0
"GC20190518","spring",2019,184,"COR",1,1,0,0
"GC20190518","spring",2019,216,"COR",3,6,0,0
"GC20190518","spring",2019,256,"COR",5,15,0,0
"GC20190518","spring",2019,288,"COR",6,16,0,0
"GC20190518","spring",2019,336,"COR",8,8,0,0
"GC20190518","spring",2019,344,"COR",8,3,0,0
"GC20190518","spring",2019,368,"COR",12,14,0,0
"GC20190518","spring",2019,400,"COR",6,7,0,0
"GC20190518","spring",2019,408,"COR",10,9,0,0
"GC20190518","spring",2019,432,"COR",6,10,0,0
"GC20190518","spring",2019,440,"COR",7,11,0,0
"GC20190518","spring",2019,464,"COR",5,10,0,0
"GC20190518","spring",2019,472,"COR",7,14,0,0
"GC20190518","spring",2019,296,"COR",0,4,0,0
"GC20190518","spring",2019,360,"COR",0,2,0,0
"GC20190907","fall",2019,72,"COR",11,0,0,2
"GC20190907","fall",2019,80,"COR",13,0,0,4
"GC20190907","fall",2019,112,"COR",4,0,0,0
"GC20190907","fall",2019,120,"COR",26,0,0,0
"GC20190907","fall",2019,160,"COR",30,0,0,0
"GC20190907","fall",2019,168,"COR",30,0,0,5
"GC20190907","fall",2019,208,"COR",40,0,0,0
"GC20190907","fall",2019,224,"COR",25,0,0,0
"GC20190907","fall",2019,232,"COR",1,0,0,0
"GC20190907","fall",2019,272,"COR",10,0,0,0
"GC20190907","fall",2019,280,"COR",9,0,0,0
"GC20190907","fall",2019,312,"COR",13,0,0,0
"GC20190907","fall",2019,320,"COR",11,0,0,0
"GC20190907","fall",2019,360,"COR",51,0,0,10
"GC20190907","fall",2019,368,"COR",19,0,0,4
"GC20190907","fall",2019,400,"COR",46,0,0,7
"GC20190907","fall",2019,408,"COR",32,0,0,2
"GC20190907","fall",2019,424,"COR",62,0,0,6
"GC20190930","fall",2019,392,"COR",16,0,0,0
"GC20190930","fall",2019,400,"COR",58,0,0,0
"GC20190930","fall",2019,408,"COR",48,0,0,0
"GC20190930","fall",2019,424,"COR",121,0,0,0
"GC20191001","fall",2019,120,"COR",0,52,263,30
"GC20191001","fall",2019,128,"COR",0,93,456,66
"GC20191001","fall",2019,360,"COR",0,105,526,75
"GC20191001","fall",2019,368,"COR",0,39,192,34
"GC20191001","fall",2019,48,"COR",0,25,0,0
"GC20191001","fall",2019,56,"COR",0,7,0,0
"GC20191001","fall",2019,NA,"COR",0,1,0,0
"GC20191018","fall",2019,472,"COR",4,0,0,0
"GC20191018","fall",2019,480,"COR",14,0,0,0
"GC20191018","fall",2019,488,"COR",20,0,0,0
"GC20191018","fall",2019,496,"COR",13,0,0,0
"GC20191024","fall",2019,400,"COR",5,0,0,0
"GC20191024","fall",2019,408,"COR",8,0,0,0
"GC20191024","fall",2019,416,"COR",8,6,0,0
"GC20191024","fall",2019,424,"COR",8,18,0,0
"GC20191024","fall",2019,432,"COR",4,13,0,0
"GC20191024","fall",2019,440,"COR",11,11,0,0
"GC20191024","fall",2019,464,"COR",7,12,0,0
"GC20191024","fall",2019,472,"COR",10,12,0,0
"LC20040329","spring",2004,124.24,"LCR",0,0,541,0
"LC20040426","spring",2004,124.24,"LCR",1,0,541,0
"LC20040920","fall",2004,124.24,"LCR",0,0,540,0
"LC20041019","fall",2004,124.24,"LCR",0,0,540,0
"LC20050329","spring",2005,124.24,"LCR",0,0,540,0
"LC20050426","spring",2005,124.24,"LCR",0,0,540,0
"LC20050919","fall",2005,124.24,"LCR",369,0,180,0
"LC20051019","fall",2005,124.24,"LCR",0,0,540,0
"LC20060330","spring",2006,124.24,"LCR",0,0,447,0
"LC20060411","spring",2006,124.24,"LCR",34,0,0,0
"LC20060425","spring",2006,124.24,"LCR",0,0,540,0
"LC20060919","fall",2006,124.24,"LCR",0,0,540,0
"LC20061019","fall",2006,124.24,"LCR",0,0,540,0
"LC20070403","spring",2007,124.24,"LCR",0,0,540,0
"LC20070501","spring",2007,124.24,"LCR",0,0,540,0
"LC20070918","fall",2007,124.24,"LCR",0,0,540,0
"LC20071022","fall",2007,124.24,"LCR",0,0,540,0
"LC20080401","spring",2008,124.24,"LCR",0,0,540,0
"LC20080429","spring",2008,124.24,"LCR",0,0,540,0
"LC20080916","fall",2008,124.24,"LCR",0,0,540,0
"LC20081014","fall",2008,124.24,"LCR",0,0,540,0
"LC20090407","spring",2009,124.24,"LCR",0,0,540,0
"LC20090505","spring",2009,124.24,"LCR",0,0,540,0
"LC20090602","spring",2009,124.24,"LCR",150,0,0,0
"LC20090915","fall",2009,124.24,"LCR",0,0,540,0
"LC20091013","fall",2009,124.24,"LCR",0,0,541,0
"LC20100512","spring",2010,124.24,"LCR",0,0,540,0
"LC20100601","spring",2010,124.24,"LCR",170,0,540,0
"LC20100915","fall",2010,124.24,"LCR",0,0,540,0
"LC20101012","fall",2010,124.24,"LCR",0,0,540,0
"LC20110503","spring",2011,124.24,"LCR",0,0,540,0
"LC20110531","spring",2011,124.24,"LCR",150,0,540,0
"LC20110915","fall",2011,124.24,"LCR",0,0,421,0
"LC20111018","fall",2011,124.24,"LCR",0,0,540,0
"LC20120417","spring",2012,124.24,"LCR",0,0,540,0
"LC20120516","spring",2012,124.24,"LCR",0,0,540,0
"LC20120518","spring",2012,124.24,"LCR",0,0,122,0
"LC20120911","fall",2012,124.24,"LCR",0,0,464,0
"LC20121010","fall",2012,124.24,"LCR",0,0,529,0
"LC20130417","spring",2013,124.24,"LCR",0,0,540,0
"LC20130514","spring",2013,124.24,"LCR",150,0,540,0
"LC20130524","spring",2013,124.24,"LCR",0,0,159,0
"LC20130913","fall",2013,124.24,"LCR",0,0,346,0
"LC20131029","fall",2013,124.24,"LCR",0,0,168,0
"LC20140415","spring",2014,124.24,"LCR",0,0,512,0
"LC20140513","spring",2014,124.24,"LCR",150,0,540,0
"LC20140923","fall",2014,124.24,"LCR",0,0,411,0
"LC20141021","fall",2014,124.24,"LCR",0,0,540,0
"LC20150414","spring",2015,124.24,"LCR",0,0,540,0
"LC20150519","spring",2015,124.24,"LCR",0,0,541,0
"LC20150922","fall",2015,124.24,"LCR",0,0,540,0
"LC20151023","fall",2015,124.24,"LCR",1,0,495,0
"LC20160419","spring",2016,124.24,"LCR",0,0,520,0
"LC20160517","spring",2016,124.24,"LCR",0,0,540,0
"LC20160920","fall",2016,124.24,"LCR",0,0,540,0
"LC20161018","fall",2016,124.24,"LCR",1,0,540,0
"LC20170418","spring",2017,124.24,"LCR",0,0,540,0
"LC20170609","spring",2017,124.24,"LCR",0,0,360,0
"LC20170919","fall",2017,124.24,"LCR",0,0,540,0
"LC20171017","fall",2017,124.24,"LCR",0,0,538,0
"LC20180417","spring",2018,124.24,"LCR",0,0,540,0
"LC20180515","spring",2018,124.24,"LCR",0,0,540,0
"LC20180918","fall",2018,124.24,"LCR",0,0,534,0
"LC20190416","spring",2019,124.24,"LCR",0,0,540,0
"LC20190514","spring",2019,124.24,"LCR",0,0,541,0
"LC20190515","spring",2019,124.24,"LCR",146,0,0,0
"LC20190917","fall",2019,124.24,"LCR",0,0,493,0
"LC20191015","fall",2019,124.24,"LCR",0,0,539,0
"LF20050404","spring",2005,0,"COR",0,11,0,0
"LF20050404","spring",2005,8,"COR",0,12,0,0
"LF20050404","spring",2005,16,"COR",0,12,0,0
"LF20050404","spring",2005,24,"COR",0,1,0,0
"LF20060404","spring",2005,16,"COR",0,1,0,0
"LF20060404","spring",2006,0,"COR",0,12,0,0
"LF20060404","spring",2006,8,"COR",0,10,0,0
"LF20060404","spring",2006,16,"COR",0,13,0,0
"LF20061010","fall",2006,0,"COR",0,11,0,0
"LF20061010","fall",2006,8,"COR",0,12,0,0
"LF20061010","fall",2006,16,"COR",0,11,0,0
"LF20061010","fall",2006,24,"COR",0,2,0,0
"LF20081028","fall",2008,0,"COR",0,12,0,0
"LF20081028","fall",2008,8,"COR",0,10,0,0
"LF20081028","fall",2008,16,"COR",0,12,0,0
"LF20081028","fall",2008,24,"COR",0,2,0,0
"LF20090421","spring",2009,0,"COR",0,12,0,0
"LF20090421","spring",2009,8,"COR",0,12,0,0
"LF20090421","spring",2009,16,"COR",0,12,0,0
"LF20100427","spring",2010,0,"COR",0,11,0,0
"LF20100427","spring",2010,8,"COR",0,9,0,0
"LF20100427","spring",2010,16,"COR",0,12,0,0
"LF20101026","fall",2010,0,"COR",0,10,0,0
"LF20101026","fall",2010,8,"COR",0,11,0,0
"LF20101026","fall",2010,16,"COR",0,9,0,0
"LF20101026","fall",2010,24,"COR",0,5,0,0
"LF20101026","fall",2010,NA,"COR",0,1,0,0
"LF20111018","fall",2011,NA,"COR",0,36,0,0
"LF20120409","spring",2012,0,"COR",0,16,0,0
"LF20120409","spring",2012,8,"COR",0,10,0,0
"LF20120409","spring",2012,16,"COR",0,25,0,0
"LF20120409","spring",2012,24,"COR",0,3,0,0
"LF20121015","fall",2012,0,"COR",0,12,0,0
"LF20121015","fall",2012,8,"COR",0,12,0,0
"LF20121015","fall",2012,16,"COR",0,11,0,0
"LF20121015","fall",2012,24,"COR",0,1,0,0
"LF20130325","spring",2013,0,"COR",0,22,0,0
"LF20130325","spring",2013,8,"COR",0,10,0,0
"LF20130325","spring",2013,16,"COR",0,11,0,0
"LF20130325","spring",2013,24,"COR",0,3,0,0
"LF20131021","fall",2013,0,"COR",0,11,0,0
"LF20131021","fall",2013,8,"COR",0,9,0,0
"LF20131021","fall",2013,16,"COR",0,27,0,0
"LF20131021","fall",2013,24,"COR",0,1,0,0
"LF20131022","fall",2013,0,"COR",0,67,0,0
"LF20131022","fall",2013,8,"COR",0,77,0,0
"LF20131022","fall",2013,16,"COR",0,39,0,0
"LF20131022","fall",2013,NA,"COR",0,2,0,0
"LF20140318","spring",2014,0,"COR",0,12,0,0
"LF20140318","spring",2014,8,"COR",0,13,0,0
"LF20140318","spring",2014,16,"COR",0,10,0,0
"LF20140318","spring",2014,24,"COR",0,1,0,0
"LF20140930","fall",2014,0,"COR",0,11,0,0
"LF20140930","fall",2014,8,"COR",0,15,0,0
"LF20140930","fall",2014,16,"COR",0,12,0,0
"LF20140930","fall",2014,24,"COR",0,2,0,0
"LF20141017","fall",2014,0,"COR",0,87,0,0
"LF20141017","fall",2014,8,"COR",0,91,0,0
"LF20141017","fall",2014,16,"COR",0,85,0,0
"LF20141017","fall",2014,24,"COR",0,11,0,0
"LF20141017","fall",2014,NA,"COR",0,8,0,0
"LF20150317","spring",2015,0,"COR",0,11,0,0
"LF20150317","spring",2015,8,"COR",0,15,0,0
"LF20150317","spring",2015,16,"COR",0,12,0,0
"LF20150317","spring",2015,24,"COR",0,2,0,0
"LF20151005","fall",2015,0,"COR",0,12,0,0
"LF20151005","fall",2015,8,"COR",0,12,0,0
"LF20151005","fall",2015,16,"COR",0,16,0,0
"LF20151005","fall",2015,24,"COR",0,2,0,0
"LF20160913","fall",2016,0,"COR",0,12,0,0
"LF20160913","fall",2016,8,"COR",0,13,0,0
"LF20160913","fall",2016,16,"COR",0,16,0,0
"LF20161019","fall",2016,0,"COR",0,84,0,0
"LF20161019","fall",2016,8,"COR",0,87,0,0
"LF20161019","fall",2016,16,"COR",0,118,0,0
"LF20161019","fall",2016,24,"COR",0,11,0,0
"LF20161019","fall",2016,NA,"COR",0,7,0,0
"LF20170314","spring",2017,0,"COR",0,13,0,0
"LF20170314","spring",2017,8,"COR",0,13,0,0
"LF20170314","spring",2017,16,"COR",0,12,0,0
"LF20170314","spring",2017,24,"COR",0,3,0,0
"LF20170912","fall",2017,0,"COR",0,13,0,0
"LF20170912","fall",2017,8,"COR",0,11,0,0
"LF20170912","fall",2017,16,"COR",0,12,0,0
"LF20170912","fall",2017,24,"COR",0,4,0,0
"LF20171026","fall",2017,0,"COR",0,19,0,0
"LF20171026","fall",2017,8,"COR",0,52,0,0
"LF20171026","fall",2017,16,"COR",0,53,0,0
"LF20180917","fall",2018,0,"COR",0,21,0,0
"LF20180917","fall",2018,8,"COR",0,15,0,0
"LF20180917","fall",2018,16,"COR",0,11,0,0
"LF20180917","fall",2018,24,"COR",0,4,0,0
"LF20180917","fall",2018,NA,"COR",0,2,0,0
"LF20190311","spring",2019,0,"COR",0,12,0,0
"LF20190311","spring",2019,8,"COR",0,15,0,0
"LF20190311","spring",2019,16,"COR",0,10,0,0
"LF20190311","spring",2019,24,"COR",0,3,0,0
"LF20190417","spring",2019,0,"COR",0,55,0,0
"LF20190417","spring",2019,8,"COR",0,53,0,0
"LF20190417","spring",2019,16,"COR",0,53,0,0
"LF20190417","spring",2019,NA,"COR",0,3,0,0
"LF20190911","fall",2019,0,"COR",0,54,0,0
"LF20190911","fall",2019,8,"COR",0,51,0,0
"LF20190911","fall",2019,16,"COR",0,52,0,0
"LF20190923","fall",2019,0,"COR",0,22,0,0
"LF20190923","fall",2019,8,"COR",0,13,0,0
"LF20190923","fall",2019,16,"COR",0,15,0,0
"PA20140719","fall",2014,336,"COR",0,0,0,150
"PA20140719","fall",2014,400,"COR",0,0,0,3
"PA20140921","fall",2014,124.24,"LCR",0,0,0,37
"PA20140921","spring",2014,124.24,"LCR",0,0,0,27
"PA20141028","fall",2014,124.24,"LCR",0,0,0,26
"SHI20120907","fall",2012,200,"COR",55,0,0,0
"SHI20130613","spring",2013,200,"COR",67,0,0,0
"SHI20130907","fall",2013,200,"COR",60,0,0,0
"SHI20140610","spring",2014,200,"COR",61,0,0,0
"SHI20140909","fall",2014,200,"COR",57,0,0,0
"SHI20150609","spring",2015,200,"COR",60,0,0,0
