id,rm_start,rm_end,side,site_id,end_site_id,latitude,longitude,section,select,NO_start,NO_end,type,inside_slough,comments
1,-15.79,-15.71,L,-15.79 L,-15.71 L,36.93666077,-111.4828415,upper,N,1L,2L,monitoring,,
2,-15.71,-15.6,L,-15.71 L,-15.6 L,36.93501663,-111.4820023,upper,N,2L,3L,monitoring,,
3,-15.6,-15.45,L,-15.6 L,-15.45 L,36.9335289,-111.481102,upper,N,3L,4L,monitoring,,
4,-15.45,-15.3,L,-15.45 L,-15.3 L,36.93153763,-111.4801102,upper,N,4L,5L,monitoring,,
5,-15.3,-15.16,L,-15.3 L,-15.16 L,36.92939758,-111.4793701,upper,Y,5L,6L,monitoring,,
6,-15.16,-15.04,L,-15.16 L,-15.04 L,36.92734146,-111.4788666,upper,Y,6L,7L,monitoring,,
7,-15.04,-14.89,L,-15.04 L,-14.89 L,36.92550278,-111.4797974,upper,Y,7L,8L,monitoring,,
8,-14.89,-14.74,L,-14.89 L,-14.74 L,36.92399216,-111.4817657,upper,Y,8L,9L,monitoring,,
9,-14.74,-14.59,L,-14.74 L,-14.59 L,36.9225769,-111.4837189,upper,Y,9L,10L,monitoring,,
10,-14.59,-14.45,L,-14.59 L,-14.45 L,36.92083359,-111.4852829,upper,Y,10L,11L,monitoring,,
11,-14.45,-14.31,L,-14.45 L,-14.31 L,36.91912842,-111.4867783,upper,Y,11L,12L,monitoring,,
12,-14.31,-14.17,L,-14.31 L,-14.17 L,36.9177742,-111.4888611,upper,Y,12L,13L,monitoring,,
13,-14.17,-14.02,L,-14.17 L,-14.02 L,36.91711807,-111.4914627,upper,Y,13L,14L,monitoring,,
14,-14.02,-13.87,L,-14.02 L,-13.87 L,36.91701889,-111.4942017,upper,Y,14L,15L,monitoring,,
15,-13.87,-13.68,L,-13.87 L,-13.68 L,36.91677475,-111.4969711,upper,Y,15L,16L,monitoring,,
16,-13.68,-13.5,L,-13.68 L,-13.5 L,36.9160881,-111.4995651,upper,Y,16L,17L,monitoring,,
17,-13.5,-13.36,L,-13.5 L,-13.36 L,36.91412354,-111.5000763,upper,Y,17L,18L,monitoring,,
18,-13.36,-13.19,L,-13.36 L,-13.19 L,36.91208649,-111.4999237,upper,Y,18L,19L,monitoring,,
19,-13.19,-13.09,L,-13.19 L,-13.09 L,36.9099884,-111.4992294,upper,Y,19L,20L,monitoring,,
20,-13.09,-12.95,L,-13.09 L,-12.95 L,36.90826797,-111.4990845,upper,Y,20L,21L,monitoring,,
21,-12.95,-12.81,L,-12.95 L,-12.81 L,36.90611649,-111.4992142,upper,Y,21L,22L,monitoring,,
22,-12.81,-12.68,L,-12.81 L,-12.68 L,36.90411377,-111.5000153,upper,Y,22L,23L,monitoring,,
23,-12.68,-12.55,L,-12.68 L,-12.55 L,36.90227509,-111.5008621,upper,Y,23L,24L,monitoring,,
24,-12.55,-12.44,L,-12.55 L,-12.44 L,36.90104675,-111.5031052,upper,Y,24L,25L,monitoring,,
25,-12.44,-12.3,L,-12.44 L,-12.3 L,36.90080261,-111.5053787,upper,Y,25L,26L,monitoring,,outside slough
26,-12.3,-12.15,L,-12.3 L,-12.15 L,36.90156555,-111.5077515,upper,Y,26L,27L,monitoring,,outside slough
27,-12.15,-12.05,L,-12.15 L,-12.05 L,36.90126419,-111.5104218,upper,Y,27L,28L,monitoring,,outside slough
28,-12.05,-12.19,L,-12.05 L,-12.19 L,36.90082169,-111.5121155,upper,Y,28L,29L,monitoring,slough,inside slough
29,-12.19,-12.35,L,-12.19 L,-12.35 L,36.90045166,-111.5094604,upper,Y,29L,30L,monitoring,slough,inside slough
30,-12.35,-12.15,L,-12.35 L,-12.15 L,36.89994812,-111.5073242,upper,Y,30L,31L,monitoring,slough,inside slough
31,-12.15,-12.01,L,-12.15 L,-12.01 L,36.90029907,-111.5100098,upper,Y,31L,32L,monitoring,slough,inside slough
32,-12.01,-11.87,L,-12.01 L,-11.87 L,36.90054703,-111.5127106,upper,Y,32L,33L,monitoring,,
33,-11.87,-11.72,L,-11.87 L,-11.72 L,36.90073395,-111.5154572,upper,Y,33L,34L,monitoring,,
34,-11.72,-11.55,L,-11.72 L,-11.55 L,36.90087509,-111.5182571,upper,Y,34L,35L,monitoring,,
35,-11.55,-11.36,L,-11.55 L,-11.36 L,36.90060043,-111.5210114,upper,Y,35L,36L,monitoring,,
36,-11.36,-11.21,L,-11.36 L,-11.21 L,36.89919662,-111.5230255,upper,Y,36L,37L,monitoring,,
37,-11.21,-11.06,L,-11.21 L,-11.06 L,36.89716721,-111.5228348,upper,Y,37L,38L,monitoring,,
38,-11.06,-10.92,L,-11.06 L,-10.92 L,36.89499283,-111.5230637,upper,Y,38L,39L,monitoring,,
39,-10.92,-10.8,L,-10.92 L,-10.8 L,36.89283752,-111.5233307,upper,Y,39L,40L,monitoring,,
40,-10.8,-10.65,L,-10.8 L,-10.65 L,36.89130783,-111.5250854,upper,Y,40L,41L,monitoring,,
41,-10.65,-10.48,L,-10.65 L,-10.48 L,36.88993454,-111.5271835,middle,Y,41L,42L,monitoring,,
42,-10.48,-10.3,L,-10.48 L,-10.3 L,36.88850784,-111.5289154,middle,Y,42L,43L,monitoring,,
43,-10.3,-10.12,L,-10.3 L,-10.12 L,36.88648224,-111.5290756,middle,Y,43L,44L,monitoring,,
44,-10.12,-9.96,L,-10.12 L,-9.96 L,36.88531494,-111.5268784,middle,Y,44L,45L,monitoring,,
45,-9.96,-9.81,L,-9.96 L,-9.81 L,36.88573456,-111.5241547,middle,Y,45L,46L,monitoring,,
46,-9.81,-9.68,L,-9.81 L,-9.68 L,36.88591003,-111.5214539,middle,Y,46L,47L,monitoring,,
47,-9.68,-9.54,L,-9.68 L,-9.54 L,36.88545609,-111.5189285,middle,Y,47L,48L,monitoring,,
48,-9.54,-9.41,L,-9.54 L,-9.41 L,36.88449097,-111.5164413,middle,Y,48L,49L,monitoring,,
49,-9.41,-9.27,L,-9.41 L,-9.27 L,36.88275909,-111.5149231,middle,Y,49L,50L,monitoring,,
50,-9.27,-9.15,L,-9.27 L,-9.15 L,36.88100815,-111.5133896,middle,Y,50L,51L,monitoring,,
51,-9.15,-9.02,L,-9.15 L,-9.02 L,36.87891388,-111.5139923,middle,Y,51L,52L,monitoring,,
52,-9.02,-8.88,L,-9.02 L,-8.88 L,36.87748337,-111.5159912,middle,Y,52L,53L,monitoring,,
53,-8.88,-8.75,L,-8.88 L,-8.75 L,36.87644577,-111.5180893,middle,Y,53L,54L,monitoring,,
54,-8.75,-8.61,L,-8.75 L,-8.61 L,36.87626266,-111.5207443,middle,Y,54L,55L,monitoring,,
55,-8.61,-8.47,L,-8.61 L,-8.47 L,36.8767662,-111.5233688,middle,Y,55L,56L,monitoring,,
56,-8.47,-8.33,L,-8.47 L,-8.33 L,36.87730789,-111.5259933,middle,Y,56L,57L,monitoring,,
57,-8.33,-8.19,L,-8.33 L,-8.19 L,36.87807465,-111.5284576,middle,Y,57L,58L,monitoring,,
58,-8.19,-8.04,L,-8.19 L,-8.04 L,36.87907028,-111.530304,middle,Y,58L,59L,monitoring,,
59,-8.04,-7.88,L,-8.04 L,-7.88 L,36.87932587,-111.5329514,middle,Y,59L,60L,monitoring,,
60,-7.88,-7.75,L,-7.88 L,-7.75 L,36.87931061,-111.5355835,middle,Y,60L,61L,monitoring,,
61,-7.75,-7.62,L,-7.75 L,-7.62 L,36.87837219,-111.5378113,middle,Y,61L,62L,monitoring,,
62,-7.62,-7.47,L,-7.62 L,-7.47 L,36.87804413,-111.5401382,middle,Y,62L,63L,monitoring,,
63,-7.47,-7.31,L,-7.47 L,-7.31 L,36.87767029,-111.5427933,middle,Y,63L,64L,monitoring,,
64,-7.31,-7.16,L,-7.31 L,-7.16 L,36.87693024,-111.5454254,middle,Y,64L,65L,monitoring,,
65,-7.16,-7.01,L,-7.16 L,-7.01 L,36.8755722,-111.5473251,middle,Y,65L,66L,monitoring,,
66,-7.01,-6.87,L,-7.01 L,-6.87 L,36.8741684,-111.5494766,middle,Y,66L,67L,monitoring,,
67,-6.87,-6.8,L,-6.87 L,-6.8 L,36.87258148,-111.5513763,middle,Y,67L,68L,monitoring,,
68,-6.8,-6.68,L,-6.8 L,-6.68 L,36.87244415,-111.5529938,middle,Y,68L,69L,monitoring,,
69,-6.68,-6.53,L,-6.68 L,-6.53 L,36.87254333,-111.5555954,middle,Y,69L,70L,monitoring,,
70,-6.53,-6.38,L,-6.53 L,-6.38 L,36.87357712,-111.5579147,middle,Y,70L,71L,monitoring,,
71,-6.38,-6.23,L,-6.38 L,-6.23 L,36.87426376,-111.5605469,middle,Y,71L,72L,monitoring,,
72,-6.23,-6.04,L,-6.23 L,-6.04 L,36.8743515,-111.5631485,middle,Y,72L,73L,monitoring,,
73,-6.04,-5.86,L,-6.04 L,-5.86 L,36.87347412,-111.5651474,middle,Y,73L,74L,monitoring,,
74,-5.86,-5.68,L,-5.86 L,-5.68 L,36.87134552,-111.565712,middle,Y,74L,75L,monitoring,,
75,-5.68,-5.52,L,-5.68 L,-5.52 L,36.86922073,-111.5648499,middle,Y,75L,76L,monitoring,,
76,-5.52,-5.37,L,-5.52 L,-5.37 L,36.86743546,-111.5631943,middle,Y,76L,77L,monitoring,,
77,-5.37,-5.22,L,-5.37 L,-5.22 L,36.86573029,-111.5614243,middle,Y,77L,78L,monitoring,,
78,-5.22,-5.07,L,-5.22 L,-5.07 L,36.86394119,-111.5598602,middle,Y,78L,79L,monitoring,,
79,-5.07,-4.91,L,-5.07 L,-4.91 L,36.86208725,-111.5585709,middle,Y,79L,80L,monitoring,,
80,-4.91,-4.76,L,-4.91 L,-4.76 L,36.860569,-111.5565491,middle,Y,80L,81L,monitoring,,
81,-4.76,-4.61,L,-4.76 L,-4.61 L,36.85899353,-111.5546417,middle,Y,81L,82L,monitoring,,
82,-4.61,-4.46,L,-4.61 L,-4.46 L,36.85758972,-111.5524673,lower,Y,82L,83L,monitoring,,
83,-4.46,-4.3,L,-4.46 L,-4.3 L,36.85608292,-111.5505524,lower,Y,83L,84L,monitoring,,
84,-4.3,-4.15,L,-4.3 L,-4.15 L,36.8546257,-111.5485382,lower,Y,84L,85L,monitoring,,
85,-4.15,-4.02,L,-4.15 L,-4.02 L,36.85321045,-111.5464401,lower,Y,85L,86L,monitoring,,
86,-4.02,-3.88,L,-4.02 L,-3.88 L,36.85156631,-111.5448227,lower,Y,86L,87L,monitoring,,
87,-3.88,-3.75,L,-3.88 L,-3.75 L,36.84989548,-111.5431137,lower,Y,87L,88L,monitoring,,
88,-3.75,-3.62,L,-3.75 L,-3.62 L,36.8477211,-111.5426331,lower,Y,88L,89L,monitoring,,
89,-3.62,-3.49,L,-3.62 L,-3.49 L,36.84564209,-111.5432892,lower,Y,89L,90L,monitoring,,
90,-3.49,-3.34,L,-3.49 L,-3.34 L,36.84405518,-111.5451889,lower,Y,90L,91L,monitoring,,
91,-3.34,-3.2,L,-3.34 L,-3.2 L,36.84300995,-111.5476074,lower,Y,91L,92L,monitoring,,
92,-3.2,-3.07,L,-3.2 L,-3.07 L,36.84222794,-111.5501938,lower,Y,92L,93L,monitoring,,
93,-3.07,-2.93,L,-3.07 L,-2.93 L,36.84230423,-111.5527573,lower,Y,93L,94L,monitoring,,
94,-2.93,-2.78,L,-2.93 L,-2.78 L,36.84263229,-111.5555191,lower,Y,94L,95L,monitoring,,
95,-2.78,-2.61,L,-2.78 L,-2.61 L,36.84388351,-111.5577621,lower,Y,95L,96L,monitoring,,
96,-2.61,-2.46,L,-2.61 L,-2.46 L,36.84359741,-111.5604172,lower,Y,96L,97L,monitoring,,
97,-2.46,-2.33,L,-2.46 L,-2.33 L,36.84244919,-111.5627975,lower,Y,97L,98L,monitoring,,
98,-2.33,-2.19,L,-2.33 L,-2.19 L,36.84239197,-111.5653152,lower,Y,98L,99L,monitoring,,
99,-2.19,-2.08,L,-2.19 L,-2.08 L,36.84202957,-111.5680008,lower,Y,99L,100L,monitoring,,
100,-2.08,-1.94,L,-2.08 L,-1.94 L,36.84296036,-111.5699844,lower,Y,100L,101L,monitoring,,
101,-1.94,-1.82,L,-1.94 L,-1.82 L,36.84412766,-111.5721741,lower,Y,101L,102L,monitoring,,
102,-1.82,-1.67,L,-1.82 L,-1.67 L,36.84605408,-111.5730057,lower,Y,102L,103L,monitoring,,
103,-1.67,-1.53,L,-1.67 L,-1.53 L,36.84808731,-111.5733337,lower,Y,103L,104L,monitoring,,
104,-1.53,-1.42,L,-1.53 L,-1.42 L,36.84974289,-111.5750732,lower,Y,104L,105L,monitoring,,
105,-1.42,-1.28,L,-1.42 L,-1.28 L,36.85127258,-111.5757599,lower,Y,105L,106L,monitoring,,
106,-1.28,-1.14,L,-1.28 L,-1.14 L,36.85322952,-111.5764313,lower,Y,106L,107L,monitoring,,
107,-1.14,-0.98,L,-1.14 L,-0.98 L,36.85523987,-111.5775986,lower,Y,107L,108L,monitoring,,
108,-0.98,-0.84,L,-0.98 L,-0.84 L,36.85742569,-111.5781097,lower,Y,108L,109L,monitoring,,
109,-0.84,-0.67,L,-0.84 L,-0.67 L,36.85963058,-111.578186,lower,Y,109L,110L,monitoring,,
110,-0.67,-0.51,L,-0.67 L,-0.51 L,36.861763,-111.5781403,lower,Y,110L,111L,monitoring,,
111,-0.51,-0.33,L,-0.51 L,-0.33 L,36.86352158,-111.5797348,lower,Y,111L,112L,monitoring,,
112,-0.33,-0.16,L,-0.33 L,-0.16 L,36.8645668,-111.5821762,lower,Y,112L,113L,monitoring,,
113,-0.16,-0.01,L,-0.16 L,-0.01 L,36.86455917,-111.5849228,lower,N,113L,114L,monitoring,,
114,-0.01,0.19,L,-0.01 L,0.19 L,36.86428833,-111.587532,lower,N,114L,115L,monitoring,,
115,0.19,0.31,L,0.19 L,0.31 L,36.86304855,-111.5895691,lower,N,115L,116L,monitoring,,
116,0.31,0.46,L,0.31 L,0.46 L,36.86158371,-111.5913773,lower,N,116L,117L,monitoring,,
117,0.46,0.59,L,0.46 L,0.59 L,36.86034775,-111.5936966,lower,N,117L,118L,monitoring,,
118,0.59,0.74,L,0.59 L,0.74 L,36.85944366,-111.5959854,lower,N,118L,119L,monitoring,,
119,0.74,0.9,L,0.74 L,0.9 L,36.85860825,-111.598465,lower,N,119L,120L,monitoring,,
120,0.9,1.06,L,0.9 L,1.06 L,36.85757065,-111.600853,lower,N,120L,121L,monitoring,,
581,-15.79,-15.79,R,-15.79 R,-15.79 R,36.93619156,-111.484436,upper,N,581R,582R,monitoring,,
582,-15.79,-15.71,R,-15.79 R,-15.71 R,36.93582535,-111.4843063,upper,N,582R,583R,monitoring,,
583,-15.71,-15.57,R,-15.71 R,-15.57 R,36.93437958,-111.4841843,upper,N,583R,584R,monitoring,,
584,-15.57,-15.43,R,-15.57 R,-15.43 R,36.93239212,-111.4831085,upper,N,584R,585R,monitoring,,
585,-15.43,-15.28,R,-15.43 R,-15.28 R,36.93075562,-111.4814606,upper,N,585R,586R,monitoring,,
586,-15.28,-15.12,R,-15.28 R,-15.12 R,36.92881012,-111.4806442,upper,Y,586R,587R,monitoring,,
587,-15.12,-15.02,R,-15.12 R,-15.02 R,36.92696762,-111.4798584,upper,Y,587R,588R,monitoring,,
588,-15.02,-14.86,R,-15.02 R,-14.86 R,36.92616272,-111.4811859,upper,Y,588R,589R,monitoring,,
589,-14.86,-14.72,R,-14.86 R,-14.72 R,36.9246788,-111.4832611,upper,Y,589R,590R,monitoring,,
590,-14.72,-14.57,R,-14.72 R,-14.57 R,36.92300415,-111.4848709,upper,Y,590R,591R,monitoring,,
591,-14.57,-14.44,R,-14.57 R,-14.44 R,36.9211998,-111.4863586,upper,Y,591R,592R,monitoring,,
592,-14.44,-14.27,R,-14.44 R,-14.27 R,36.91962814,-111.4877472,upper,Y,592R,593R,monitoring,,
593,-14.27,-14.11,R,-14.27 R,-14.11 R,36.9184227,-111.4899979,upper,Y,593R,594R,monitoring,,
594,-14.11,-13.95,R,-14.11 R,-13.95 R,36.9180069,-111.4926987,upper,Y,594R,595R,monitoring,,
595,-13.95,-13.81,R,-13.95 R,-13.81 R,36.91811752,-111.495491,upper,Y,595R,596R,monitoring,,
596,-13.81,-13.69,R,-13.81 R,-13.69 R,36.91786575,-111.4982147,upper,Y,596R,597R,monitoring,,
597,-13.69,-13.56,R,-13.69 R,-13.56 R,36.91685486,-111.5005035,upper,Y,597R,598R,monitoring,,
598,-13.56,-13.42,R,-13.56 R,-13.42 R,36.91499329,-111.5016174,upper,Y,598R,599R,monitoring,,
599,-13.42,-13.27,R,-13.42 R,-13.27 R,36.91278839,-111.5014572,upper,Y,599R,600R,monitoring,,
600,-13.27,-13.15,R,-13.27 R,-13.15 R,36.91069412,-111.5012665,upper,Y,600R,601R,monitoring,,
601,-13.15,-12.99,R,-13.15 R,-12.99 R,36.90895081,-111.5003128,upper,Y,601R,602R,monitoring,,
602,-12.99,-12.83,R,-12.99 R,-12.83 R,36.90680695,-111.500061,upper,Y,602R,603R,monitoring,,
603,-12.83,-12.67,R,-12.83 R,-12.67 R,36.90485764,-111.5012054,upper,Y,603R,604R,monitoring,,
604,-12.67,-12.5,R,-12.67 R,-12.5 R,36.90286255,-111.5019455,upper,Y,604R,605R,monitoring,,
605,-12.5,-12.35,R,-12.5 R,-12.35 R,36.90203476,-111.5042191,upper,Y,605R,606R,monitoring,,
606,-12.35,-12.21,R,-12.35 R,-12.21 R,36.90205383,-111.5068283,upper,Y,606R,607R,monitoring,,
607,-12.21,-12.05,R,-12.21 R,-12.05 R,36.90210342,-111.5095825,upper,Y,607R,608R,monitoring,,
608,-12.05,-11.91,R,-12.05 R,-11.91 R,36.90175629,-111.5122528,upper,Y,608R,609R,monitoring,,prop bar
609,-11.91,-11.82,R,-11.91 R,-11.82 R,36.90133286,-111.5146713,upper,Y,609R,610R,monitoring,,
610,-11.82,-11.68,R,-11.82 R,-11.68 R,36.90195465,-111.5162582,upper,Y,610R,611R,monitoring,,
611,-11.68,-11.55,R,-11.68 R,-11.55 R,36.90166092,-111.5188599,upper,Y,611R,612R,monitoring,,
612,-11.55,-11.42,R,-11.55 R,-11.42 R,36.90163422,-111.521286,upper,Y,612R,613R,monitoring,,
613,-11.42,-11.3,R,-11.42 R,-11.3 R,36.90042877,-111.5235443,upper,Y,613R,614R,monitoring,,
614,-11.3,-11.16,R,-11.3 R,-11.16 R,36.89850998,-111.5245132,upper,Y,614R,615R,monitoring,,
615,-11.16,-11.02,R,-11.16 R,-11.02 R,36.89646912,-111.5249634,upper,Y,615R,616R,monitoring,,
616,-11.02,-10.83,R,-11.02 R,-10.83 R,36.89434433,-111.5247574,upper,Y,616R,617R,monitoring,,
617,-10.83,-10.67,R,-10.83 R,-10.67 R,36.89222717,-111.5252991,upper,Y,617R,618R,monitoring,,
618,-10.67,-10.53,R,-10.67 R,-10.53 R,36.89114761,-111.52771,middle,Y,618R,619R,monitoring,,
619,-10.53,-10.42,R,-10.53 R,-10.42 R,36.88991165,-111.5299911,middle,Y,619R,620R,monitoring,,
620,-10.42,-10.3,R,-10.42 R,-10.3 R,36.88795471,-111.5308228,middle,Y,620R,621R,monitoring,,
621,-10.3,-10.17,R,-10.3 R,-10.17 R,36.88600922,-111.5300217,middle,Y,621R,622R,monitoring,,
622,-10.17,-10.04,R,-10.17 R,-10.04 R,36.88466644,-111.5280151,middle,Y,622R,623R,monitoring,,
623,-10.04,-9.89,R,-10.04 R,-9.89 R,36.88380051,-111.5254669,middle,Y,623R,624R,monitoring,,
624,-9.89,-9.69,R,-9.89 R,-9.69 R,36.88348389,-111.5228119,middle,Y,624R,625R,monitoring,,
625,-9.69,-9.53,R,-9.69 R,-9.53 R,36.88332748,-111.5200577,middle,Y,625R,626R,monitoring,,
626,-9.53,-9.37,R,-9.53 R,-9.37 R,36.88315201,-111.5173569,middle,Y,626R,627R,monitoring,,
627,-9.37,-9.17,R,-9.37 R,-9.17 R,36.88171387,-111.515274,middle,Y,627R,628R,monitoring,,
628,-9.17,-8.99,R,-9.17 R,-8.99 R,36.87964249,-111.5147095,middle,Y,628R,629R,monitoring,,
629,-8.99,-8.84,R,-8.99 R,-8.84 R,36.87834549,-111.5168839,middle,Y,629R,630R,monitoring,,
630,-8.84,-8.67,R,-8.84 R,-8.67 R,36.8775444,-111.5194626,middle,Y,630R,631R,monitoring,,
631,-8.67,-8.52,R,-8.67 R,-8.52 R,36.87733078,-111.5219574,middle,Y,631R,632R,monitoring,,
632,-8.52,-8.37,R,-8.52 R,-8.37 R,36.8781662,-111.5244675,middle,Y,632R,633R,monitoring,,
633,-8.37,-8.22,R,-8.37 R,-8.22 R,36.87916565,-111.5269547,middle,Y,633R,634R,monitoring,,
634,-8.22,-8.07,R,-8.22 R,-8.07 R,36.87979126,-111.5295563,middle,Y,634R,635R,monitoring,,
635,-8.07,-7.93,R,-8.07 R,-7.93 R,36.87998581,-111.5322418,middle,Y,635R,636R,monitoring,,
636,-7.93,-7.78,R,-7.93 R,-7.78 R,36.88010406,-111.5349274,middle,Y,636R,637R,monitoring,,
637,-7.78,-7.63,R,-7.78 R,-7.63 R,36.87959671,-111.5375977,middle,Y,637R,638R,monitoring,,
638,-7.63,-7.47,R,-7.63 R,-7.47 R,36.87919998,-111.540329,middle,Y,638R,639R,monitoring,,
639,-7.47,-7.33,R,-7.47 R,-7.33 R,36.87859726,-111.5429916,middle,Y,639R,640R,monitoring,,
640,-7.33,-7.19,R,-7.33 R,-7.19 R,36.87763977,-111.5454407,middle,Y,640R,641R,monitoring,,
641,-7.19,-7.04,R,-7.19 R,-7.04 R,36.87644577,-111.5476379,middle,Y,641R,642R,monitoring,,
642,-7.04,-6.88,R,-7.04 R,-6.88 R,36.87511063,-111.5497818,middle,Y,642R,643R,monitoring,,
643,-6.88,-6.7,R,-6.88 R,-6.7 R,36.8740654,-111.5521469,middle,Y,643R,644R,monitoring,,
644,-6.7,-6.55,R,-6.7 R,-6.55 R,36.87355804,-111.5547485,middle,Y,644R,645R,monitoring,,
645,-6.55,-6.41,R,-6.55 R,-6.41 R,36.87444687,-111.5572433,middle,Y,645R,646R,monitoring,,
646,-6.41,-6.27,R,-6.41 R,-6.27 R,36.87527466,-111.5595703,middle,Y,646R,647R,monitoring,,
647,-6.27,-6.15,R,-6.27 R,-6.15 R,36.87520599,-111.5622635,middle,Y,647R,648R,monitoring,,
648,-6.15,-6.04,R,-6.15 R,-6.04 R,36.87543106,-111.5647049,middle,Y,648R,649R,monitoring,,
649,-6.04,-5.91,R,-6.04 R,-5.91 R,36.87415695,-111.5666351,middle,Y,649R,650R,monitoring,,
650,-5.91,-5.79,R,-5.91 R,-5.79 R,36.87216949,-111.5675659,middle,Y,650R,651R,monitoring,,
651,-5.79,-5.65,R,-5.79 R,-5.65 R,36.87012863,-111.5672302,middle,Y,651R,652R,monitoring,,
652,-5.65,-5.51,R,-5.65 R,-5.51 R,36.86817932,-111.5660019,middle,Y,652R,653R,monitoring,,
653,-5.51,-5.35,R,-5.51 R,-5.35 R,36.8666687,-111.5640106,middle,Y,653R,654R,monitoring,,
654,-5.35,-5.19,R,-5.35 R,-5.19 R,36.86485291,-111.5623932,middle,Y,654R,655R,monitoring,,
655,-5.19,-5.05,R,-5.19 R,-5.05 R,36.86289978,-111.5610657,middle,Y,655R,656R,monitoring,,
656,-5.05,-4.9,R,-5.05 R,-4.9 R,36.86129761,-111.5592117,middle,Y,656R,657R,monitoring,,
657,-4.9,-4.75,R,-4.9 R,-4.75 R,36.85963058,-111.5574036,middle,Y,657R,658R,monitoring,,
658,-4.75,-4.61,R,-4.75 R,-4.61 R,36.85802841,-111.5555573,middle,Y,658R,659R,monitoring,,
659,-4.61,-4.45,R,-4.61 R,-4.45 R,36.85667419,-111.5536118,lower,Y,659R,660R,monitoring,,
660,-4.45,-4.31,R,-4.45 R,-4.31 R,36.85513687,-111.5516434,lower,Y,660R,661R,monitoring,,
661,-4.31,-4.15,R,-4.31 R,-4.15 R,36.85353851,-111.5497284,lower,Y,661R,662R,monitoring,,
662,-4.15,-4.02,R,-4.15 R,-4.02 R,36.85176849,-111.548027,lower,Y,662R,663R,monitoring,,shore inside four mile bar
663,-4.02,-4.06,R,-4.02 R,-4.06 R,36.85053253,-111.5463638,lower,Y,663R,664R,monitoring,,four mile bar
664,-4.06,-3.91,R,-4.06 R,-3.91 R,36.85145569,-111.5463333,lower,Y,664R,665R,monitoring,,outside of four mile bar
665,-3.91,-3.73,R,-3.91 R,-3.73 R,36.84961319,-111.5450516,lower,Y,665R,666R,monitoring,,
666,-3.73,-3.55,R,-3.73 R,-3.55 R,36.84748077,-111.5442276,lower,Y,666R,667R,monitoring,,
667,-3.55,-3.38,R,-3.55 R,-3.38 R,36.84547424,-111.5451965,lower,Y,667R,668R,monitoring,,
668,-3.38,-3.22,R,-3.38 R,-3.22 R,36.84429932,-111.5475464,lower,Y,668R,669R,monitoring,,
669,-3.22,-3.04,R,-3.22 R,-3.04 R,36.84379196,-111.5502625,lower,Y,669R,670R,monitoring,,
670,-3.04,-2.88,R,-3.04 R,-2.88 R,36.84376144,-111.5530396,lower,Y,670R,671R,monitoring,,
671,-2.88,-2.75,R,-2.88 R,-2.75 R,36.84418869,-111.555687,lower,Y,671R,672R,monitoring,,
672,-2.75,-2.6,R,-2.75 R,-2.6 R,36.844841,-111.5582275,lower,Y,672R,673R,monitoring,,
673,-2.6,-2.45,R,-2.6 R,-2.45 R,36.84439468,-111.5609512,lower,Y,673R,674R,monitoring,,
674,-2.45,-2.3,R,-2.45 R,-2.3 R,36.84349823,-111.5632706,lower,Y,674R,675R,monitoring,,
675,-2.3,-2.12,R,-2.3 R,-2.12 R,36.84318542,-111.5660095,lower,Y,675R,676R,monitoring,,
676,-2.12,-1.96,R,-2.12 R,-1.96 R,36.84356689,-111.5687256,lower,Y,676R,677R,monitoring,,
677,-1.96,-1.78,R,-1.96 R,-1.78 R,36.84488297,-111.5709,lower,Y,677R,678R,monitoring,,
678,-1.78,-1.64,R,-1.78 R,-1.64 R,36.8467598,-111.5719681,lower,Y,678R,679R,monitoring,,
679,-1.64,-1.49,R,-1.64 R,-1.49 R,36.84881973,-111.5728912,lower,Y,679R,680R,monitoring,,
680,-1.49,-1.34,R,-1.49 R,-1.34 R,36.85077286,-111.5740662,lower,Y,680R,681R,monitoring,,
681,-1.34,-1.18,R,-1.34 R,-1.18 R,36.85279083,-111.5751953,lower,Y,681R,682R,monitoring,,
682,-1.18,-1.03,R,-1.18 R,-1.03 R,36.85485077,-111.5761948,lower,Y,682R,683R,monitoring,,
683,-1.03,-0.86,R,-1.03 R,-0.86 R,36.85697937,-111.5767059,lower,Y,683R,684R,monitoring,,
684,-0.86,-0.72,R,-0.86 R,-0.72 R,36.85916138,-111.5768509,lower,Y,684R,685R,monitoring,,
685,-0.72,-0.6,R,-0.72 R,-0.6 R,36.86131668,-111.576889,lower,Y,685R,686R,monitoring,,
686,-0.6,-0.47,R,-0.6 R,-0.47 R,36.86320114,-111.5777664,lower,Y,686R,687R,monitoring,,
687,-0.47,-0.35,R,-0.47 R,-0.35 R,36.86502075,-111.5789261,lower,Y,687R,688R,monitoring,,
688,-0.35,-0.22,R,-0.35 R,-0.22 R,36.8655777,-111.5813751,lower,Y,688R,689R,monitoring,,
689,-0.22,-0.08,R,-0.22 R,-0.08 R,36.86590958,-111.5839233,lower,N,689R,690R,monitoring,,
690,-0.08,0.06,R,-0.08 R,0.06 R,36.86569214,-111.5865402,lower,N,690R,691R,monitoring,,
691,0.06,0.16,R,0.06 R,0.16 R,36.86525345,-111.5891418,lower,N,691R,692R,monitoring,,
692,0.16,0.33,R,0.16 R,0.33 R,36.8640976,-111.59095,lower,N,692R,693R,monitoring,,
693,0.33,0.49,R,0.33 R,0.49 R,36.86236572,-111.59272,lower,N,693R,694R,monitoring,,
694,0.49,0.65,R,0.49 R,0.65 R,36.86107254,-111.594986,lower,N,694R,695R,monitoring,,
695,0.65,0.8,R,0.65 R,0.8 R,36.86019897,-111.5975494,lower,N,695R,696R,monitoring,,
696,0.8,0.91,R,0.8 R,0.91 R,36.85963821,-111.6002045,lower,N,696R,697R,monitoring,,
697,0.91,1.05,R,0.91 R,1.05 R,36.858284,-111.60186,lower,N,697R,698R,monitoring,,
698,-15.73,-15.45,R,-15.73 R,-15.45 R,,,,N,,,nonnative,,below spillway
699,-15.78,-15.5,L,-15.78 L,-15.50 L,,,,N,,,nonnative,,below spillway
700,-14.34,-14.29,L,-14.34 L,-14.29 L,,,,N,,,nonnative,,14 mile spring
701,-14.28,-13.94,L,-14.28 L,-13.94 L,,,,N,,,nonnative,,Rocky_shoreline
702,-13.72,-13.69,R,-13.72 R,-13.69 R,,,,N,,,nonnative,,spring inflow
703,-13.5,-13.49,L,-13.5 L,-13.49 L,,,,N,,,nonnative,,spring inflow
704,-11.02,-10.92,L,-11.02 L,-10.92 L,,,,N,,,nonnative,,below ferry swale bar
705,-10.85,-10.62,L,-10.85 L,-10.62 L,,,,N,,,nonnative,,rocky shoreline 
706,-6.9,-6.85,L,-6.9 L,-6.85 L,,,,N,,,nonnative,,backwater
707,-3.32,-3.29,L,-3.32 L,-3.29 L,,,,N,,,nonnative,,warm spring inflow
708,-1.5,-1.47,L,-1.5 L,-1.47 L,,,,N,,,nonnative,,backwater
709,-12.09,-12.33,L,-12.09 L,-12.33 L,,,,N,,,nonnative,slough,"along shore inside slough, downstream part"
710,-12.33,-12.4,L,-12.33 L,-12.4 L,,,,N,,,nonnative,slough,"along shore inside slough, downstream part"
711,-12.09,-12.33,L,-12.09 L,-12.33 L,,,,N,,,nonnative,slough,along cobble bar inside slough
